mean_fit_time,std_fit_time,mean_score_time,std_score_time,param_clf__max_depth,param_clf__min_samples_leaf,param_clf__min_samples_split,param_clf__n_estimators,params,split0_test_score,mean_test_score,std_test_score,rank_test_score
0.18245387077331543,0.0,0.004241228103637695,0.0,5,20,2,10,"{'clf__max_depth': 5, 'clf__min_samples_leaf': 20, 'clf__min_samples_split': 2, 'clf__n_estimators': 10}",-0.16724443523557936,-0.16724443523557936,0.0,352
0.4472978115081787,0.0,0.002048015594482422,0.0,5,20,2,25,"{'clf__max_depth': 5, 'clf__min_samples_leaf': 20, 'clf__min_samples_split': 2, 'clf__n_estimators': 25}",-0.15328302595942583,-0.15328302595942583,0.0,223
0.8989150524139404,0.0,0.002285003662109375,0.0,5,20,2,50,"{'clf__max_depth': 5, 'clf__min_samples_leaf': 20, 'clf__min_samples_split': 2, 'clf__n_estimators': 50}",-0.1463665874599958,-0.1463665874599958,0.0,94
2.033022880554199,0.0,0.0029268264770507812,0.0,5,20,2,100,"{'clf__max_depth': 5, 'clf__min_samples_leaf': 20, 'clf__min_samples_split': 2, 'clf__n_estimators': 100}",-0.14143782078510464,-0.14143782078510464,0.0,10
4.211068153381348,0.0,0.0034551620483398438,0.0,5,20,2,200,"{'clf__max_depth': 5, 'clf__min_samples_leaf': 20, 'clf__min_samples_split': 2, 'clf__n_estimators': 200}",-0.145491702864023,-0.145491702864023,0.0,52
5.947097063064575,0.0,0.00761866569519043,0.0,5,20,2,300,"{'clf__max_depth': 5, 'clf__min_samples_leaf': 20, 'clf__min_samples_split': 2, 'clf__n_estimators': 300}",-0.1516217704962401,-0.1516217704962401,0.0,205
0.18602967262268066,0.0,0.003403186798095703,0.0,5,20,3,10,"{'clf__max_depth': 5, 'clf__min_samples_leaf': 20, 'clf__min_samples_split': 3, 'clf__n_estimators': 10}",-0.16724443523557936,-0.16724443523557936,0.0,352
0.4546091556549072,0.0,0.0024819374084472656,0.0,5,20,3,25,"{'clf__max_depth': 5, 'clf__min_samples_leaf': 20, 'clf__min_samples_split': 3, 'clf__n_estimators': 25}",-0.15328302595942583,-0.15328302595942583,0.0,223
0.8921351432800293,0.0,0.0022017955780029297,0.0,5,20,3,50,"{'clf__max_depth': 5, 'clf__min_samples_leaf': 20, 'clf__min_samples_split': 3, 'clf__n_estimators': 50}",-0.1463665874599958,-0.1463665874599958,0.0,94
2.131859064102173,0.0,0.005586862564086914,0.0,5,20,3,100,"{'clf__max_depth': 5, 'clf__min_samples_leaf': 20, 'clf__min_samples_split': 3, 'clf__n_estimators': 100}",-0.14143782078510464,-0.14143782078510464,0.0,10
4.2464001178741455,0.0,0.0034770965576171875,0.0,5,20,3,200,"{'clf__max_depth': 5, 'clf__min_samples_leaf': 20, 'clf__min_samples_split': 3, 'clf__n_estimators': 200}",-0.145491702864023,-0.145491702864023,0.0,52
5.8495259284973145,0.0,0.008642196655273438,0.0,5,20,3,300,"{'clf__max_depth': 5, 'clf__min_samples_leaf': 20, 'clf__min_samples_split': 3, 'clf__n_estimators': 300}",-0.1516217704962401,-0.1516217704962401,0.0,205
0.18172073364257812,0.0,0.003863096237182617,0.0,5,20,5,10,"{'clf__max_depth': 5, 'clf__min_samples_leaf': 20, 'clf__min_samples_split': 5, 'clf__n_estimators': 10}",-0.16724443523557936,-0.16724443523557936,0.0,352
0.46251797676086426,0.0,0.002257108688354492,0.0,5,20,5,25,"{'clf__max_depth': 5, 'clf__min_samples_leaf': 20, 'clf__min_samples_split': 5, 'clf__n_estimators': 25}",-0.15328302595942583,-0.15328302595942583,0.0,223
1.3487417697906494,0.0,0.0021932125091552734,0.0,5,20,5,50,"{'clf__max_depth': 5, 'clf__min_samples_leaf': 20, 'clf__min_samples_split': 5, 'clf__n_estimators': 50}",-0.1463665874599958,-0.1463665874599958,0.0,94
2.4589760303497314,0.0,0.002583742141723633,0.0,5,20,5,100,"{'clf__max_depth': 5, 'clf__min_samples_leaf': 20, 'clf__min_samples_split': 5, 'clf__n_estimators': 100}",-0.14143782078510464,-0.14143782078510464,0.0,10
3.8754849433898926,0.0,0.004621028900146484,0.0,5,20,5,200,"{'clf__max_depth': 5, 'clf__min_samples_leaf': 20, 'clf__min_samples_split': 5, 'clf__n_estimators': 200}",-0.145491702864023,-0.145491702864023,0.0,52
5.3918678760528564,0.0,0.0051419734954833984,0.0,5,20,5,300,"{'clf__max_depth': 5, 'clf__min_samples_leaf': 20, 'clf__min_samples_split': 5, 'clf__n_estimators': 300}",-0.1516217704962401,-0.1516217704962401,0.0,205
0.19443726539611816,0.0,0.0018229484558105469,0.0,5,50,2,10,"{'clf__max_depth': 5, 'clf__min_samples_leaf': 50, 'clf__min_samples_split': 2, 'clf__n_estimators': 10}",-0.18093134207341152,-0.18093134207341152,0.0,406
0.4238131046295166,0.0,0.004647016525268555,0.0,5,50,2,25,"{'clf__max_depth': 5, 'clf__min_samples_leaf': 50, 'clf__min_samples_split': 2, 'clf__n_estimators': 25}",-0.16791908617167145,-0.16791908617167145,0.0,355
0.792067289352417,0.0,0.004706621170043945,0.0,5,50,2,50,"{'clf__max_depth': 5, 'clf__min_samples_leaf': 50, 'clf__min_samples_split': 2, 'clf__n_estimators': 50}",-0.1459160766626391,-0.1459160766626391,0.0,82
1.738070011138916,0.0,0.004221916198730469,0.0,5,50,2,100,"{'clf__max_depth': 5, 'clf__min_samples_leaf': 50, 'clf__min_samples_split': 2, 'clf__n_estimators': 100}",-0.14602435350532403,-0.14602435350532403,0.0,85
3.3218257427215576,0.0,0.0056803226470947266,0.0,5,50,2,200,"{'clf__max_depth': 5, 'clf__min_samples_leaf': 50, 'clf__min_samples_split': 2, 'clf__n_estimators': 200}",-0.15160863156029153,-0.15160863156029153,0.0,202
4.821608304977417,0.0,0.007447004318237305,0.0,5,50,2,300,"{'clf__max_depth': 5, 'clf__min_samples_leaf': 50, 'clf__min_samples_split': 2, 'clf__n_estimators': 300}",-0.15885469742388694,-0.15885469742388694,0.0,286
0.16559100151062012,0.0,0.00189208984375,0.0,5,50,3,10,"{'clf__max_depth': 5, 'clf__min_samples_leaf': 50, 'clf__min_samples_split': 3, 'clf__n_estimators': 10}",-0.18093134207341152,-0.18093134207341152,0.0,406
0.3869059085845947,0.0,0.004019975662231445,0.0,5,50,3,25,"{'clf__max_depth': 5, 'clf__min_samples_leaf': 50, 'clf__min_samples_split': 3, 'clf__n_estimators': 25}",-0.16791908617167145,-0.16791908617167145,0.0,355
0.7805323600769043,0.0,0.002363920211791992,0.0,5,50,3,50,"{'clf__max_depth': 5, 'clf__min_samples_leaf': 50, 'clf__min_samples_split': 3, 'clf__n_estimators': 50}",-0.1459160766626391,-0.1459160766626391,0.0,82
1.5850720405578613,0.0,0.0025589466094970703,0.0,5,50,3,100,"{'clf__max_depth': 5, 'clf__min_samples_leaf': 50, 'clf__min_samples_split': 3, 'clf__n_estimators': 100}",-0.14602435350532403,-0.14602435350532403,0.0,85
3.1183369159698486,0.0,0.003450155258178711,0.0,5,50,3,200,"{'clf__max_depth': 5, 'clf__min_samples_leaf': 50, 'clf__min_samples_split': 3, 'clf__n_estimators': 200}",-0.15160863156029153,-0.15160863156029153,0.0,202
4.86454701423645,0.0,0.004266023635864258,0.0,5,50,3,300,"{'clf__max_depth': 5, 'clf__min_samples_leaf': 50, 'clf__min_samples_split': 3, 'clf__n_estimators': 300}",-0.15885469742388694,-0.15885469742388694,0.0,286
0.1583399772644043,0.0,0.0018088817596435547,0.0,5,50,5,10,"{'clf__max_depth': 5, 'clf__min_samples_leaf': 50, 'clf__min_samples_split': 5, 'clf__n_estimators': 10}",-0.18093134207341152,-0.18093134207341152,0.0,406
0.400115966796875,0.0,0.0044820308685302734,0.0,5,50,5,25,"{'clf__max_depth': 5, 'clf__min_samples_leaf': 50, 'clf__min_samples_split': 5, 'clf__n_estimators': 25}",-0.16791908617167145,-0.16791908617167145,0.0,355
0.7861990928649902,0.0,0.00215911865234375,0.0,5,50,5,50,"{'clf__max_depth': 5, 'clf__min_samples_leaf': 50, 'clf__min_samples_split': 5, 'clf__n_estimators': 50}",-0.1459160766626391,-0.1459160766626391,0.0,82
1.587576150894165,0.0,0.005714893341064453,0.0,5,50,5,100,"{'clf__max_depth': 5, 'clf__min_samples_leaf': 50, 'clf__min_samples_split': 5, 'clf__n_estimators': 100}",-0.14602435350532403,-0.14602435350532403,0.0,85
3.0952630043029785,0.0,0.005816936492919922,0.0,5,50,5,200,"{'clf__max_depth': 5, 'clf__min_samples_leaf': 50, 'clf__min_samples_split': 5, 'clf__n_estimators': 200}",-0.15160863156029153,-0.15160863156029153,0.0,202
4.865060806274414,0.0,0.004213094711303711,0.0,5,50,5,300,"{'clf__max_depth': 5, 'clf__min_samples_leaf': 50, 'clf__min_samples_split': 5, 'clf__n_estimators': 300}",-0.15885469742388694,-0.15885469742388694,0.0,286
0.15257596969604492,0.0,0.004693031311035156,0.0,5,75,2,10,"{'clf__max_depth': 5, 'clf__min_samples_leaf': 75, 'clf__min_samples_split': 2, 'clf__n_estimators': 10}",-0.18065684617732325,-0.18065684617732325,0.0,391
0.3350200653076172,0.0,0.001947164535522461,0.0,5,75,2,25,"{'clf__max_depth': 5, 'clf__min_samples_leaf': 75, 'clf__min_samples_split': 2, 'clf__n_estimators': 25}",-0.16392721500843316,-0.16392721500843316,0.0,316
0.7426941394805908,0.0,0.003849029541015625,0.0,5,75,2,50,"{'clf__max_depth': 5, 'clf__min_samples_leaf': 75, 'clf__min_samples_split': 2, 'clf__n_estimators': 50}",-0.1469333860179893,-0.1469333860179893,0.0,115
1.4799706935882568,0.0,0.0027272701263427734,0.0,5,75,2,100,"{'clf__max_depth': 5, 'clf__min_samples_leaf': 75, 'clf__min_samples_split': 2, 'clf__n_estimators': 100}",-0.14351614015979178,-0.14351614015979178,0.0,46
3.0133180618286133,0.0,0.007074117660522461,0.0,5,75,2,200,"{'clf__max_depth': 5, 'clf__min_samples_leaf': 75, 'clf__min_samples_split': 2, 'clf__n_estimators': 200}",-0.14806497587015524,-0.14806497587015524,0.0,142
4.4187140464782715,0.0,0.004131793975830078,0.0,5,75,2,300,"{'clf__max_depth': 5, 'clf__min_samples_leaf': 75, 'clf__min_samples_split': 2, 'clf__n_estimators': 300}",-0.15139747674576268,-0.15139747674576268,0.0,196
0.1578967571258545,0.0,0.0018529891967773438,0.0,5,75,3,10,"{'clf__max_depth': 5, 'clf__min_samples_leaf': 75, 'clf__min_samples_split': 3, 'clf__n_estimators': 10}",-0.18065684617732325,-0.18065684617732325,0.0,391
0.34444713592529297,0.0,0.0020170211791992188,0.0,5,75,3,25,"{'clf__max_depth': 5, 'clf__min_samples_leaf': 75, 'clf__min_samples_split': 3, 'clf__n_estimators': 25}",-0.16392721500843316,-0.16392721500843316,0.0,316
0.7102630138397217,0.0,0.0036258697509765625,0.0,5,75,3,50,"{'clf__max_depth': 5, 'clf__min_samples_leaf': 75, 'clf__min_samples_split': 3, 'clf__n_estimators': 50}",-0.1469333860179893,-0.1469333860179893,0.0,115
1.5264019966125488,0.0,0.003949880599975586,0.0,5,75,3,100,"{'clf__max_depth': 5, 'clf__min_samples_leaf': 75, 'clf__min_samples_split': 3, 'clf__n_estimators': 100}",-0.14351614015979178,-0.14351614015979178,0.0,46
2.9456920623779297,0.0,0.007063865661621094,0.0,5,75,3,200,"{'clf__max_depth': 5, 'clf__min_samples_leaf': 75, 'clf__min_samples_split': 3, 'clf__n_estimators': 200}",-0.14806497587015524,-0.14806497587015524,0.0,142
4.389998197555542,0.0,0.005368709564208984,0.0,5,75,3,300,"{'clf__max_depth': 5, 'clf__min_samples_leaf': 75, 'clf__min_samples_split': 3, 'clf__n_estimators': 300}",-0.15139747674576268,-0.15139747674576268,0.0,196
0.16001009941101074,0.0,0.0017938613891601562,0.0,5,75,5,10,"{'clf__max_depth': 5, 'clf__min_samples_leaf': 75, 'clf__min_samples_split': 5, 'clf__n_estimators': 10}",-0.18065684617732325,-0.18065684617732325,0.0,391
0.3716599941253662,0.0,0.0018818378448486328,0.0,5,75,5,25,"{'clf__max_depth': 5, 'clf__min_samples_leaf': 75, 'clf__min_samples_split': 5, 'clf__n_estimators': 25}",-0.16392721500843316,-0.16392721500843316,0.0,316
0.7221448421478271,0.0,0.0022020339965820312,0.0,5,75,5,50,"{'clf__max_depth': 5, 'clf__min_samples_leaf': 75, 'clf__min_samples_split': 5, 'clf__n_estimators': 50}",-0.1469333860179893,-0.1469333860179893,0.0,115
1.4431219100952148,0.0,0.006248950958251953,0.0,5,75,5,100,"{'clf__max_depth': 5, 'clf__min_samples_leaf': 75, 'clf__min_samples_split': 5, 'clf__n_estimators': 100}",-0.14351614015979178,-0.14351614015979178,0.0,46
2.95345401763916,0.0,0.0032720565795898438,0.0,5,75,5,200,"{'clf__max_depth': 5, 'clf__min_samples_leaf': 75, 'clf__min_samples_split': 5, 'clf__n_estimators': 200}",-0.14806497587015524,-0.14806497587015524,0.0,142
4.615656137466431,0.0,0.008406877517700195,0.0,5,75,5,300,"{'clf__max_depth': 5, 'clf__min_samples_leaf': 75, 'clf__min_samples_split': 5, 'clf__n_estimators': 300}",-0.15139747674576268,-0.15139747674576268,0.0,196
0.1405010223388672,0.0,0.004101991653442383,0.0,5,100,2,10,"{'clf__max_depth': 5, 'clf__min_samples_leaf': 100, 'clf__min_samples_split': 2, 'clf__n_estimators': 10}",-0.18291825783523813,-0.18291825783523813,0.0,409
0.32126593589782715,0.0,0.0019221305847167969,0.0,5,100,2,25,"{'clf__max_depth': 5, 'clf__min_samples_leaf': 100, 'clf__min_samples_split': 2, 'clf__n_estimators': 25}",-0.16684026012446868,-0.16684026012446868,0.0,349
0.6369297504425049,0.0,0.0046710968017578125,0.0,5,100,2,50,"{'clf__max_depth': 5, 'clf__min_samples_leaf': 100, 'clf__min_samples_split': 2, 'clf__n_estimators': 50}",-0.14714951408252105,-0.14714951408252105,0.0,118
1.293416976928711,0.0,0.005447864532470703,0.0,5,100,2,100,"{'clf__max_depth': 5, 'clf__min_samples_leaf': 100, 'clf__min_samples_split': 2, 'clf__n_estimators': 100}",-0.14307490664662392,-0.14307490664662392,0.0,28
2.6266469955444336,0.0,0.003287076950073242,0.0,5,100,2,200,"{'clf__max_depth': 5, 'clf__min_samples_leaf': 100, 'clf__min_samples_split': 2, 'clf__n_estimators': 200}",-0.14738951485491916,-0.14738951485491916,0.0,127
3.988163709640503,0.0,0.008151054382324219,0.0,5,100,2,300,"{'clf__max_depth': 5, 'clf__min_samples_leaf': 100, 'clf__min_samples_split': 2, 'clf__n_estimators': 300}",-0.15457403260452698,-0.15457403260452698,0.0,241
0.13416814804077148,0.0,0.001856088638305664,0.0,5,100,3,10,"{'clf__max_depth': 5, 'clf__min_samples_leaf': 100, 'clf__min_samples_split': 3, 'clf__n_estimators': 10}",-0.18291825783523813,-0.18291825783523813,0.0,409
0.32528209686279297,0.0,0.0020020008087158203,0.0,5,100,3,25,"{'clf__max_depth': 5, 'clf__min_samples_leaf': 100, 'clf__min_samples_split': 3, 'clf__n_estimators': 25}",-0.16684026012446868,-0.16684026012446868,0.0,349
0.6461570262908936,0.0,0.0032258033752441406,0.0,5,100,3,50,"{'clf__max_depth': 5, 'clf__min_samples_leaf': 100, 'clf__min_samples_split': 3, 'clf__n_estimators': 50}",-0.14714951408252105,-0.14714951408252105,0.0,118
1.3087990283966064,0.0,0.003086090087890625,0.0,5,100,3,100,"{'clf__max_depth': 5, 'clf__min_samples_leaf': 100, 'clf__min_samples_split': 3, 'clf__n_estimators': 100}",-0.14307490664662392,-0.14307490664662392,0.0,28
2.636918783187866,0.0,0.003437042236328125,0.0,5,100,3,200,"{'clf__max_depth': 5, 'clf__min_samples_leaf': 100, 'clf__min_samples_split': 3, 'clf__n_estimators': 200}",-0.14738951485491916,-0.14738951485491916,0.0,127
4.169279336929321,0.0,0.012679815292358398,0.0,5,100,3,300,"{'clf__max_depth': 5, 'clf__min_samples_leaf': 100, 'clf__min_samples_split': 3, 'clf__n_estimators': 300}",-0.15457403260452698,-0.15457403260452698,0.0,241
0.13332891464233398,0.0,0.0018270015716552734,0.0,5,100,5,10,"{'clf__max_depth': 5, 'clf__min_samples_leaf': 100, 'clf__min_samples_split': 5, 'clf__n_estimators': 10}",-0.18291825783523813,-0.18291825783523813,0.0,409
0.3146669864654541,0.0,0.004429817199707031,0.0,5,100,5,25,"{'clf__max_depth': 5, 'clf__min_samples_leaf': 100, 'clf__min_samples_split': 5, 'clf__n_estimators': 25}",-0.16684026012446868,-0.16684026012446868,0.0,349
0.6472649574279785,0.0,0.0021049976348876953,0.0,5,100,5,50,"{'clf__max_depth': 5, 'clf__min_samples_leaf': 100, 'clf__min_samples_split': 5, 'clf__n_estimators': 50}",-0.14714951408252105,-0.14714951408252105,0.0,118
1.3292920589447021,0.0,0.003523111343383789,0.0,5,100,5,100,"{'clf__max_depth': 5, 'clf__min_samples_leaf': 100, 'clf__min_samples_split': 5, 'clf__n_estimators': 100}",-0.14307490664662392,-0.14307490664662392,0.0,28
2.6860759258270264,0.0,0.003282785415649414,0.0,5,100,5,200,"{'clf__max_depth': 5, 'clf__min_samples_leaf': 100, 'clf__min_samples_split': 5, 'clf__n_estimators': 200}",-0.14738951485491916,-0.14738951485491916,0.0,127
4.157310962677002,0.0,0.051193952560424805,0.0,5,100,5,300,"{'clf__max_depth': 5, 'clf__min_samples_leaf': 100, 'clf__min_samples_split': 5, 'clf__n_estimators': 300}",-0.15457403260452698,-0.15457403260452698,0.0,241
0.09660696983337402,0.0,0.0017900466918945312,0.0,5,150,2,10,"{'clf__max_depth': 5, 'clf__min_samples_leaf': 150, 'clf__min_samples_split': 2, 'clf__n_estimators': 10}",-0.18404699944694644,-0.18404699944694644,0.0,436
0.23030400276184082,0.0,0.0018641948699951172,0.0,5,150,2,25,"{'clf__max_depth': 5, 'clf__min_samples_leaf': 150, 'clf__min_samples_split': 2, 'clf__n_estimators': 25}",-0.174243736962479,-0.174243736962479,0.0,376
0.515876054763794,0.0,0.002043008804321289,0.0,5,150,2,50,"{'clf__max_depth': 5, 'clf__min_samples_leaf': 150, 'clf__min_samples_split': 2, 'clf__n_estimators': 50}",-0.1553605691445876,-0.1553605691445876,0.0,253
1.0018389225006104,0.0,0.004212856292724609,0.0,5,150,2,100,"{'clf__max_depth': 5, 'clf__min_samples_leaf': 150, 'clf__min_samples_split': 2, 'clf__n_estimators': 100}",-0.14328571700550935,-0.14328571700550935,0.0,31
2.084174156188965,0.0,0.004155874252319336,0.0,5,150,2,200,"{'clf__max_depth': 5, 'clf__min_samples_leaf': 150, 'clf__min_samples_split': 2, 'clf__n_estimators': 200}",-0.1458225372413225,-0.1458225372413225,0.0,67
3.2251808643341064,0.0,0.003686189651489258,0.0,5,150,2,300,"{'clf__max_depth': 5, 'clf__min_samples_leaf': 150, 'clf__min_samples_split': 2, 'clf__n_estimators': 300}",-0.15297340486528085,-0.15297340486528085,0.0,208
0.10147881507873535,0.0,0.004132270812988281,0.0,5,150,3,10,"{'clf__max_depth': 5, 'clf__min_samples_leaf': 150, 'clf__min_samples_split': 3, 'clf__n_estimators': 10}",-0.18404699944694644,-0.18404699944694644,0.0,436
0.25253796577453613,0.0,0.001850128173828125,0.0,5,150,3,25,"{'clf__max_depth': 5, 'clf__min_samples_leaf': 150, 'clf__min_samples_split': 3, 'clf__n_estimators': 25}",-0.174243736962479,-0.174243736962479,0.0,376
0.5198538303375244,0.0,0.004830121994018555,0.0,5,150,3,50,"{'clf__max_depth': 5, 'clf__min_samples_leaf': 150, 'clf__min_samples_split': 3, 'clf__n_estimators': 50}",-0.1553605691445876,-0.1553605691445876,0.0,253
1.0505361557006836,0.0,0.011649131774902344,0.0,5,150,3,100,"{'clf__max_depth': 5, 'clf__min_samples_leaf': 150, 'clf__min_samples_split': 3, 'clf__n_estimators': 100}",-0.14328571700550935,-0.14328571700550935,0.0,31
2.20320725440979,0.0,0.004437923431396484,0.0,5,150,3,200,"{'clf__max_depth': 5, 'clf__min_samples_leaf': 150, 'clf__min_samples_split': 3, 'clf__n_estimators': 200}",-0.1458225372413225,-0.1458225372413225,0.0,67
3.2666828632354736,0.0,0.0047359466552734375,0.0,5,150,3,300,"{'clf__max_depth': 5, 'clf__min_samples_leaf': 150, 'clf__min_samples_split': 3, 'clf__n_estimators': 300}",-0.15297340486528085,-0.15297340486528085,0.0,208
0.11435699462890625,0.0,0.0028028488159179688,0.0,5,150,5,10,"{'clf__max_depth': 5, 'clf__min_samples_leaf': 150, 'clf__min_samples_split': 5, 'clf__n_estimators': 10}",-0.18404699944694644,-0.18404699944694644,0.0,436
0.2689850330352783,0.0,0.004200935363769531,0.0,5,150,5,25,"{'clf__max_depth': 5, 'clf__min_samples_leaf': 150, 'clf__min_samples_split': 5, 'clf__n_estimators': 25}",-0.174243736962479,-0.174243736962479,0.0,376
0.5153858661651611,0.0,0.0020630359649658203,0.0,5,150,5,50,"{'clf__max_depth': 5, 'clf__min_samples_leaf': 150, 'clf__min_samples_split': 5, 'clf__n_estimators': 50}",-0.1553605691445876,-0.1553605691445876,0.0,253
1.2179698944091797,0.0,0.0023720264434814453,0.0,5,150,5,100,"{'clf__max_depth': 5, 'clf__min_samples_leaf': 150, 'clf__min_samples_split': 5, 'clf__n_estimators': 100}",-0.14328571700550935,-0.14328571700550935,0.0,31
2.09916615486145,0.0,0.0049097537994384766,0.0,5,150,5,200,"{'clf__max_depth': 5, 'clf__min_samples_leaf': 150, 'clf__min_samples_split': 5, 'clf__n_estimators': 200}",-0.1458225372413225,-0.1458225372413225,0.0,67
3.1706910133361816,0.0,0.005455732345581055,0.0,5,150,5,300,"{'clf__max_depth': 5, 'clf__min_samples_leaf': 150, 'clf__min_samples_split': 5, 'clf__n_estimators': 300}",-0.15297340486528085,-0.15297340486528085,0.0,208
0.2710278034210205,0.0,0.0019731521606445312,0.0,10,20,2,10,"{'clf__max_depth': 10, 'clf__min_samples_leaf': 20, 'clf__min_samples_split': 2, 'clf__n_estimators': 10}",-0.16873223549378366,-0.16873223549378366,0.0,361
0.7148637771606445,0.0,0.00481104850769043,0.0,10,20,2,25,"{'clf__max_depth': 10, 'clf__min_samples_leaf': 20, 'clf__min_samples_split': 2, 'clf__n_estimators': 25}",-0.14974870625019146,-0.14974870625019146,0.0,169
1.3054540157318115,0.0,0.005144834518432617,0.0,10,20,2,50,"{'clf__max_depth': 10, 'clf__min_samples_leaf': 20, 'clf__min_samples_split': 2, 'clf__n_estimators': 50}",-0.14724134118724702,-0.14724134118724702,0.0,121
2.796107053756714,0.0,0.0033540725708007812,0.0,10,20,2,100,"{'clf__max_depth': 10, 'clf__min_samples_leaf': 20, 'clf__min_samples_split': 2, 'clf__n_estimators': 100}",-0.14959694044430383,-0.14959694044430383,0.0,166
5.7872560024261475,0.0,0.004755973815917969,0.0,10,20,2,200,"{'clf__max_depth': 10, 'clf__min_samples_leaf': 20, 'clf__min_samples_split': 2, 'clf__n_estimators': 200}",-0.15815987672541482,-0.15815987672541482,0.0,283
8.566397190093994,0.0,0.008294820785522461,0.0,10,20,2,300,"{'clf__max_depth': 10, 'clf__min_samples_leaf': 20, 'clf__min_samples_split': 2, 'clf__n_estimators': 300}",-0.16397258950835045,-0.16397258950835045,0.0,319
0.2586050033569336,0.0,0.004311084747314453,0.0,10,20,3,10,"{'clf__max_depth': 10, 'clf__min_samples_leaf': 20, 'clf__min_samples_split': 3, 'clf__n_estimators': 10}",-0.16873223549378366,-0.16873223549378366,0.0,361
0.6432428359985352,0.0,0.003306865692138672,0.0,10,20,3,25,"{'clf__max_depth': 10, 'clf__min_samples_leaf': 20, 'clf__min_samples_split': 3, 'clf__n_estimators': 25}",-0.14974870625019146,-0.14974870625019146,0.0,169
1.3000991344451904,0.0,0.0053119659423828125,0.0,10,20,3,50,"{'clf__max_depth': 10, 'clf__min_samples_leaf': 20, 'clf__min_samples_split': 3, 'clf__n_estimators': 50}",-0.14724134118724702,-0.14724134118724702,0.0,121
2.7467520236968994,0.0,0.003350973129272461,0.0,10,20,3,100,"{'clf__max_depth': 10, 'clf__min_samples_leaf': 20, 'clf__min_samples_split': 3, 'clf__n_estimators': 100}",-0.14959694044430383,-0.14959694044430383,0.0,166
5.546278715133667,0.0,0.006425142288208008,0.0,10,20,3,200,"{'clf__max_depth': 10, 'clf__min_samples_leaf': 20, 'clf__min_samples_split': 3, 'clf__n_estimators': 200}",-0.15815987672541482,-0.15815987672541482,0.0,283
8.68248987197876,0.0,0.00903010368347168,0.0,10,20,3,300,"{'clf__max_depth': 10, 'clf__min_samples_leaf': 20, 'clf__min_samples_split': 3, 'clf__n_estimators': 300}",-0.16397258950835045,-0.16397258950835045,0.0,319
0.24247407913208008,0.0,0.0033588409423828125,0.0,10,20,5,10,"{'clf__max_depth': 10, 'clf__min_samples_leaf': 20, 'clf__min_samples_split': 5, 'clf__n_estimators': 10}",-0.16873223549378366,-0.16873223549378366,0.0,361
0.6189708709716797,0.0,0.004662990570068359,0.0,10,20,5,25,"{'clf__max_depth': 10, 'clf__min_samples_leaf': 20, 'clf__min_samples_split': 5, 'clf__n_estimators': 25}",-0.14974870625019146,-0.14974870625019146,0.0,169
1.2070629596710205,0.0,0.0025670528411865234,0.0,10,20,5,50,"{'clf__max_depth': 10, 'clf__min_samples_leaf': 20, 'clf__min_samples_split': 5, 'clf__n_estimators': 50}",-0.14724134118724702,-0.14724134118724702,0.0,121
2.77793288230896,0.0,0.005969047546386719,0.0,10,20,5,100,"{'clf__max_depth': 10, 'clf__min_samples_leaf': 20, 'clf__min_samples_split': 5, 'clf__n_estimators': 100}",-0.14959694044430383,-0.14959694044430383,0.0,166
5.80376410484314,0.0,0.0048449039459228516,0.0,10,20,5,200,"{'clf__max_depth': 10, 'clf__min_samples_leaf': 20, 'clf__min_samples_split': 5, 'clf__n_estimators': 200}",-0.15815987672541482,-0.15815987672541482,0.0,283
8.761019706726074,0.0,0.009540081024169922,0.0,10,20,5,300,"{'clf__max_depth': 10, 'clf__min_samples_leaf': 20, 'clf__min_samples_split': 5, 'clf__n_estimators': 300}",-0.16397258950835045,-0.16397258950835045,0.0,319
0.1798849105834961,0.0,0.002393007278442383,0.0,10,50,2,10,"{'clf__max_depth': 10, 'clf__min_samples_leaf': 50, 'clf__min_samples_split': 2, 'clf__n_estimators': 10}",-0.18367022739747169,-0.18367022739747169,0.0,424
0.4576878547668457,0.0,0.0020678043365478516,0.0,10,50,2,25,"{'clf__max_depth': 10, 'clf__min_samples_leaf': 50, 'clf__min_samples_split': 2, 'clf__n_estimators': 25}",-0.1606087156608134,-0.1606087156608134,0.0,292
1.027683973312378,0.0,0.005315065383911133,0.0,10,50,2,50,"{'clf__max_depth': 10, 'clf__min_samples_leaf': 50, 'clf__min_samples_split': 2, 'clf__n_estimators': 50}",-0.1464682786035578,-0.1464682786035578,0.0,97
2.106365203857422,0.0,0.0029807090759277344,0.0,10,50,2,100,"{'clf__max_depth': 10, 'clf__min_samples_leaf': 50, 'clf__min_samples_split': 2, 'clf__n_estimators': 100}",-0.1473157412447394,-0.1473157412447394,0.0,124
4.455281019210815,0.0,0.004196882247924805,0.0,10,50,2,200,"{'clf__max_depth': 10, 'clf__min_samples_leaf': 50, 'clf__min_samples_split': 2, 'clf__n_estimators': 200}",-0.15144785895576238,-0.15144785895576238,0.0,199
6.997901201248169,0.0,0.005568742752075195,0.0,10,50,2,300,"{'clf__max_depth': 10, 'clf__min_samples_leaf': 50, 'clf__min_samples_split': 2, 'clf__n_estimators': 300}",-0.15982082243375315,-0.15982082243375315,0.0,289
0.14744234085083008,0.0,0.0019378662109375,0.0,10,50,3,10,"{'clf__max_depth': 10, 'clf__min_samples_leaf': 50, 'clf__min_samples_split': 3, 'clf__n_estimators': 10}",-0.18367022739747169,-0.18367022739747169,0.0,424
0.4255218505859375,0.0,0.002033233642578125,0.0,10,50,3,25,"{'clf__max_depth': 10, 'clf__min_samples_leaf': 50, 'clf__min_samples_split': 3, 'clf__n_estimators': 25}",-0.1606087156608134,-0.1606087156608134,0.0,292
1.0187270641326904,0.0,0.002393007278442383,0.0,10,50,3,50,"{'clf__max_depth': 10, 'clf__min_samples_leaf': 50, 'clf__min_samples_split': 3, 'clf__n_estimators': 50}",-0.1464682786035578,-0.1464682786035578,0.0,97
2.1733291149139404,0.0,0.003228902816772461,0.0,10,50,3,100,"{'clf__max_depth': 10, 'clf__min_samples_leaf': 50, 'clf__min_samples_split': 3, 'clf__n_estimators': 100}",-0.1473157412447394,-0.1473157412447394,0.0,124
4.479413986206055,0.0,0.004220008850097656,0.0,10,50,3,200,"{'clf__max_depth': 10, 'clf__min_samples_leaf': 50, 'clf__min_samples_split': 3, 'clf__n_estimators': 200}",-0.15144785895576238,-0.15144785895576238,0.0,199
6.8870038986206055,0.0,0.005523204803466797,0.0,10,50,3,300,"{'clf__max_depth': 10, 'clf__min_samples_leaf': 50, 'clf__min_samples_split': 3, 'clf__n_estimators': 300}",-0.15982082243375315,-0.15982082243375315,0.0,289
0.1816401481628418,0.0,0.004233837127685547,0.0,10,50,5,10,"{'clf__max_depth': 10, 'clf__min_samples_leaf': 50, 'clf__min_samples_split': 5, 'clf__n_estimators': 10}",-0.18367022739747169,-0.18367022739747169,0.0,424
0.47418808937072754,0.0,0.00203704833984375,0.0,10,50,5,25,"{'clf__max_depth': 10, 'clf__min_samples_leaf': 50, 'clf__min_samples_split': 5, 'clf__n_estimators': 25}",-0.1606087156608134,-0.1606087156608134,0.0,292
1.061018705368042,0.0,0.0044231414794921875,0.0,10,50,5,50,"{'clf__max_depth': 10, 'clf__min_samples_leaf': 50, 'clf__min_samples_split': 5, 'clf__n_estimators': 50}",-0.1464682786035578,-0.1464682786035578,0.0,97
2.167860269546509,0.0,0.0029888153076171875,0.0,10,50,5,100,"{'clf__max_depth': 10, 'clf__min_samples_leaf': 50, 'clf__min_samples_split': 5, 'clf__n_estimators': 100}",-0.1473157412447394,-0.1473157412447394,0.0,124
4.413500785827637,0.0,0.00836801528930664,0.0,10,50,5,200,"{'clf__max_depth': 10, 'clf__min_samples_leaf': 50, 'clf__min_samples_split': 5, 'clf__n_estimators': 200}",-0.15144785895576238,-0.15144785895576238,0.0,199
6.691651105880737,0.0,0.005403995513916016,0.0,10,50,5,300,"{'clf__max_depth': 10, 'clf__min_samples_leaf': 50, 'clf__min_samples_split': 5, 'clf__n_estimators': 300}",-0.15982082243375315,-0.15982082243375315,0.0,289
0.1583559513092041,0.0,0.003856182098388672,0.0,10,75,2,10,"{'clf__max_depth': 10, 'clf__min_samples_leaf': 75, 'clf__min_samples_split': 2, 'clf__n_estimators': 10}",-0.18081209830788378,-0.18081209830788378,0.0,394
0.39143991470336914,0.0,0.0035669803619384766,0.0,10,75,2,25,"{'clf__max_depth': 10, 'clf__min_samples_leaf': 75, 'clf__min_samples_split': 2, 'clf__n_estimators': 25}",-0.16432207301682553,-0.16432207301682553,0.0,322
0.7909691333770752,0.0,0.004440784454345703,0.0,10,75,2,50,"{'clf__max_depth': 10, 'clf__min_samples_leaf': 75, 'clf__min_samples_split': 2, 'clf__n_estimators': 50}",-0.14976678857329048,-0.14976678857329048,0.0,172
1.852550983428955,0.0,0.005944013595581055,0.0,10,75,2,100,"{'clf__max_depth': 10, 'clf__min_samples_leaf': 75, 'clf__min_samples_split': 2, 'clf__n_estimators': 100}",-0.1430705531243221,-0.1430705531243221,0.0,16
3.6224849224090576,0.0,0.003730297088623047,0.0,10,75,2,200,"{'clf__max_depth': 10, 'clf__min_samples_leaf': 75, 'clf__min_samples_split': 2, 'clf__n_estimators': 200}",-0.14798900920266383,-0.14798900920266383,0.0,130
5.272011995315552,0.0,0.0049152374267578125,0.0,10,75,2,300,"{'clf__max_depth': 10, 'clf__min_samples_leaf': 75, 'clf__min_samples_split': 2, 'clf__n_estimators': 300}",-0.15413344425135797,-0.15413344425135797,0.0,226
0.1777031421661377,0.0,0.0018229484558105469,0.0,10,75,3,10,"{'clf__max_depth': 10, 'clf__min_samples_leaf': 75, 'clf__min_samples_split': 3, 'clf__n_estimators': 10}",-0.18081209830788378,-0.18081209830788378,0.0,394
0.379230260848999,0.0,0.0019898414611816406,0.0,10,75,3,25,"{'clf__max_depth': 10, 'clf__min_samples_leaf': 75, 'clf__min_samples_split': 3, 'clf__n_estimators': 25}",-0.16432207301682553,-0.16432207301682553,0.0,322
0.7551507949829102,0.0,0.0022809505462646484,0.0,10,75,3,50,"{'clf__max_depth': 10, 'clf__min_samples_leaf': 75, 'clf__min_samples_split': 3, 'clf__n_estimators': 50}",-0.14976678857329048,-0.14976678857329048,0.0,172
1.7547581195831299,0.0,0.009140968322753906,0.0,10,75,3,100,"{'clf__max_depth': 10, 'clf__min_samples_leaf': 75, 'clf__min_samples_split': 3, 'clf__n_estimators': 100}",-0.1430705531243221,-0.1430705531243221,0.0,16
3.6187658309936523,0.0,0.00648808479309082,0.0,10,75,3,200,"{'clf__max_depth': 10, 'clf__min_samples_leaf': 75, 'clf__min_samples_split': 3, 'clf__n_estimators': 200}",-0.14798900920266383,-0.14798900920266383,0.0,130
5.196027994155884,0.0,0.0064411163330078125,0.0,10,75,3,300,"{'clf__max_depth': 10, 'clf__min_samples_leaf': 75, 'clf__min_samples_split': 3, 'clf__n_estimators': 300}",-0.15413344425135797,-0.15413344425135797,0.0,226
0.14236712455749512,0.0,0.0018880367279052734,0.0,10,75,5,10,"{'clf__max_depth': 10, 'clf__min_samples_leaf': 75, 'clf__min_samples_split': 5, 'clf__n_estimators': 10}",-0.18081209830788378,-0.18081209830788378,0.0,394
0.3868069648742676,0.0,0.002115011215209961,0.0,10,75,5,25,"{'clf__max_depth': 10, 'clf__min_samples_leaf': 75, 'clf__min_samples_split': 5, 'clf__n_estimators': 25}",-0.16432207301682553,-0.16432207301682553,0.0,322
0.827059268951416,0.0,0.002325773239135742,0.0,10,75,5,50,"{'clf__max_depth': 10, 'clf__min_samples_leaf': 75, 'clf__min_samples_split': 5, 'clf__n_estimators': 50}",-0.14976678857329048,-0.14976678857329048,0.0,172
1.7729671001434326,0.0,0.006136894226074219,0.0,10,75,5,100,"{'clf__max_depth': 10, 'clf__min_samples_leaf': 75, 'clf__min_samples_split': 5, 'clf__n_estimators': 100}",-0.1430705531243221,-0.1430705531243221,0.0,16
3.482625961303711,0.0,0.006292819976806641,0.0,10,75,5,200,"{'clf__max_depth': 10, 'clf__min_samples_leaf': 75, 'clf__min_samples_split': 5, 'clf__n_estimators': 200}",-0.14798900920266383,-0.14798900920266383,0.0,130
5.161477088928223,0.0,0.006726980209350586,0.0,10,75,5,300,"{'clf__max_depth': 10, 'clf__min_samples_leaf': 75, 'clf__min_samples_split': 5, 'clf__n_estimators': 300}",-0.15413344425135797,-0.15413344425135797,0.0,226
0.14582037925720215,0.0,0.0029828548431396484,0.0,10,100,2,10,"{'clf__max_depth': 10, 'clf__min_samples_leaf': 100, 'clf__min_samples_split': 2, 'clf__n_estimators': 10}",-0.18291825783523813,-0.18291825783523813,0.0,409
0.3655390739440918,0.0,0.0020189285278320312,0.0,10,100,2,25,"{'clf__max_depth': 10, 'clf__min_samples_leaf': 100, 'clf__min_samples_split': 2, 'clf__n_estimators': 25}",-0.16646376111473188,-0.16646376111473188,0.0,337
0.6626880168914795,0.0,0.0038962364196777344,0.0,10,100,2,50,"{'clf__max_depth': 10, 'clf__min_samples_leaf': 100, 'clf__min_samples_split': 2, 'clf__n_estimators': 50}",-0.15063756636422512,-0.15063756636422512,0.0,184
1.403503179550171,0.0,0.0057599544525146484,0.0,10,100,2,100,"{'clf__max_depth': 10, 'clf__min_samples_leaf': 100, 'clf__min_samples_split': 2, 'clf__n_estimators': 100}",-0.14575107133800677,-0.14575107133800677,0.0,55
2.8181309700012207,0.0,0.0034508705139160156,0.0,10,100,2,200,"{'clf__max_depth': 10, 'clf__min_samples_leaf': 100, 'clf__min_samples_split': 2, 'clf__n_estimators': 200}",-0.14915607493698296,-0.14915607493698296,0.0,154
4.377651214599609,0.0,0.004431962966918945,0.0,10,100,2,300,"{'clf__max_depth': 10, 'clf__min_samples_leaf': 100, 'clf__min_samples_split': 2, 'clf__n_estimators': 300}",-0.15771281323293693,-0.15771281323293693,0.0,271
0.13821983337402344,0.0,0.0036590099334716797,0.0,10,100,3,10,"{'clf__max_depth': 10, 'clf__min_samples_leaf': 100, 'clf__min_samples_split': 3, 'clf__n_estimators': 10}",-0.18291825783523813,-0.18291825783523813,0.0,409
0.35701680183410645,0.0,0.0019812583923339844,0.0,10,100,3,25,"{'clf__max_depth': 10, 'clf__min_samples_leaf': 100, 'clf__min_samples_split': 3, 'clf__n_estimators': 25}",-0.16646376111473188,-0.16646376111473188,0.0,337
0.6691498756408691,0.0,0.0021800994873046875,0.0,10,100,3,50,"{'clf__max_depth': 10, 'clf__min_samples_leaf': 100, 'clf__min_samples_split': 3, 'clf__n_estimators': 50}",-0.15063756636422512,-0.15063756636422512,0.0,184
1.3849048614501953,0.0,0.002633333206176758,0.0,10,100,3,100,"{'clf__max_depth': 10, 'clf__min_samples_leaf': 100, 'clf__min_samples_split': 3, 'clf__n_estimators': 100}",-0.14575107133800677,-0.14575107133800677,0.0,55
2.838505983352661,0.0,0.004518032073974609,0.0,10,100,3,200,"{'clf__max_depth': 10, 'clf__min_samples_leaf': 100, 'clf__min_samples_split': 3, 'clf__n_estimators': 200}",-0.14915607493698296,-0.14915607493698296,0.0,154
4.308282136917114,0.0,0.004353046417236328,0.0,10,100,3,300,"{'clf__max_depth': 10, 'clf__min_samples_leaf': 100, 'clf__min_samples_split': 3, 'clf__n_estimators': 300}",-0.15771281323293693,-0.15771281323293693,0.0,271
0.14299798011779785,0.0,0.00396275520324707,0.0,10,100,5,10,"{'clf__max_depth': 10, 'clf__min_samples_leaf': 100, 'clf__min_samples_split': 5, 'clf__n_estimators': 10}",-0.18291825783523813,-0.18291825783523813,0.0,409
0.33718109130859375,0.0,0.0018780231475830078,0.0,10,100,5,25,"{'clf__max_depth': 10, 'clf__min_samples_leaf': 100, 'clf__min_samples_split': 5, 'clf__n_estimators': 25}",-0.16646376111473188,-0.16646376111473188,0.0,337
0.6618349552154541,0.0,0.002104043960571289,0.0,10,100,5,50,"{'clf__max_depth': 10, 'clf__min_samples_leaf': 100, 'clf__min_samples_split': 5, 'clf__n_estimators': 50}",-0.15063756636422512,-0.15063756636422512,0.0,184
1.418485164642334,0.0,0.0026311874389648438,0.0,10,100,5,100,"{'clf__max_depth': 10, 'clf__min_samples_leaf': 100, 'clf__min_samples_split': 5, 'clf__n_estimators': 100}",-0.14575107133800677,-0.14575107133800677,0.0,55
2.881052255630493,0.0,0.005169868469238281,0.0,10,100,5,200,"{'clf__max_depth': 10, 'clf__min_samples_leaf': 100, 'clf__min_samples_split': 5, 'clf__n_estimators': 200}",-0.14915607493698296,-0.14915607493698296,0.0,154
4.290284872055054,0.0,0.004436969757080078,0.0,10,100,5,300,"{'clf__max_depth': 10, 'clf__min_samples_leaf': 100, 'clf__min_samples_split': 5, 'clf__n_estimators': 300}",-0.15771281323293693,-0.15771281323293693,0.0,271
0.10602593421936035,0.0,0.004011869430541992,0.0,10,150,2,10,"{'clf__max_depth': 10, 'clf__min_samples_leaf': 150, 'clf__min_samples_split': 2, 'clf__n_estimators': 10}",-0.18404699944694644,-0.18404699944694644,0.0,436
0.28068089485168457,0.0,0.0019371509552001953,0.0,10,150,2,25,"{'clf__max_depth': 10, 'clf__min_samples_leaf': 150, 'clf__min_samples_split': 2, 'clf__n_estimators': 25}",-0.174243736962479,-0.174243736962479,0.0,376
0.5480539798736572,0.0,0.002051830291748047,0.0,10,150,2,50,"{'clf__max_depth': 10, 'clf__min_samples_leaf': 150, 'clf__min_samples_split': 2, 'clf__n_estimators': 50}",-0.1553605691445876,-0.1553605691445876,0.0,253
1.015136957168579,0.0,0.0023157596588134766,0.0,10,150,2,100,"{'clf__max_depth': 10, 'clf__min_samples_leaf': 150, 'clf__min_samples_split': 2, 'clf__n_estimators': 100}",-0.14328571700550935,-0.14328571700550935,0.0,31
2.084012985229492,0.0,0.0029289722442626953,0.0,10,150,2,200,"{'clf__max_depth': 10, 'clf__min_samples_leaf': 150, 'clf__min_samples_split': 2, 'clf__n_estimators': 200}",-0.1458225372413225,-0.1458225372413225,0.0,67
3.108910083770752,0.0,0.0036690235137939453,0.0,10,150,2,300,"{'clf__max_depth': 10, 'clf__min_samples_leaf': 150, 'clf__min_samples_split': 2, 'clf__n_estimators': 300}",-0.15297340486528085,-0.15297340486528085,0.0,208
0.1013801097869873,0.0,0.0036859512329101562,0.0,10,150,3,10,"{'clf__max_depth': 10, 'clf__min_samples_leaf': 150, 'clf__min_samples_split': 3, 'clf__n_estimators': 10}",-0.18404699944694644,-0.18404699944694644,0.0,436
0.26401686668395996,0.0,0.004313945770263672,0.0,10,150,3,25,"{'clf__max_depth': 10, 'clf__min_samples_leaf': 150, 'clf__min_samples_split': 3, 'clf__n_estimators': 25}",-0.174243736962479,-0.174243736962479,0.0,376
0.541079044342041,0.0,0.0020716190338134766,0.0,10,150,3,50,"{'clf__max_depth': 10, 'clf__min_samples_leaf': 150, 'clf__min_samples_split': 3, 'clf__n_estimators': 50}",-0.1553605691445876,-0.1553605691445876,0.0,253
1.05727219581604,0.0,0.003323793411254883,0.0,10,150,3,100,"{'clf__max_depth': 10, 'clf__min_samples_leaf': 150, 'clf__min_samples_split': 3, 'clf__n_estimators': 100}",-0.14328571700550935,-0.14328571700550935,0.0,31
2.1287178993225098,0.0,0.0029709339141845703,0.0,10,150,3,200,"{'clf__max_depth': 10, 'clf__min_samples_leaf': 150, 'clf__min_samples_split': 3, 'clf__n_estimators': 200}",-0.1458225372413225,-0.1458225372413225,0.0,67
3.116668939590454,0.0,0.0036411285400390625,0.0,10,150,3,300,"{'clf__max_depth': 10, 'clf__min_samples_leaf': 150, 'clf__min_samples_split': 3, 'clf__n_estimators': 300}",-0.15297340486528085,-0.15297340486528085,0.0,208
0.1102907657623291,0.0,0.0018630027770996094,0.0,10,150,5,10,"{'clf__max_depth': 10, 'clf__min_samples_leaf': 150, 'clf__min_samples_split': 5, 'clf__n_estimators': 10}",-0.18404699944694644,-0.18404699944694644,0.0,436
0.27870798110961914,0.0,0.0020127296447753906,0.0,10,150,5,25,"{'clf__max_depth': 10, 'clf__min_samples_leaf': 150, 'clf__min_samples_split': 5, 'clf__n_estimators': 25}",-0.174243736962479,-0.174243736962479,0.0,376
0.5231680870056152,0.0,0.0020651817321777344,0.0,10,150,5,50,"{'clf__max_depth': 10, 'clf__min_samples_leaf': 150, 'clf__min_samples_split': 5, 'clf__n_estimators': 50}",-0.1553605691445876,-0.1553605691445876,0.0,253
1.0365259647369385,0.0,0.0023860931396484375,0.0,10,150,5,100,"{'clf__max_depth': 10, 'clf__min_samples_leaf': 150, 'clf__min_samples_split': 5, 'clf__n_estimators': 100}",-0.14328571700550935,-0.14328571700550935,0.0,31
2.050917863845825,0.0,0.0030541419982910156,0.0,10,150,5,200,"{'clf__max_depth': 10, 'clf__min_samples_leaf': 150, 'clf__min_samples_split': 5, 'clf__n_estimators': 200}",-0.1458225372413225,-0.1458225372413225,0.0,67
3.077488660812378,0.0,0.006167173385620117,0.0,10,150,5,300,"{'clf__max_depth': 10, 'clf__min_samples_leaf': 150, 'clf__min_samples_split': 5, 'clf__n_estimators': 300}",-0.15297340486528085,-0.15297340486528085,0.0,208
0.24315404891967773,0.0,0.0029501914978027344,0.0,15,20,2,10,"{'clf__max_depth': 15, 'clf__min_samples_leaf': 20, 'clf__min_samples_split': 2, 'clf__n_estimators': 10}",-0.16985042779009177,-0.16985042779009177,0.0,364
0.6495959758758545,0.0,0.0029299259185791016,0.0,15,20,2,25,"{'clf__max_depth': 15, 'clf__min_samples_leaf': 20, 'clf__min_samples_split': 2, 'clf__n_estimators': 25}",-0.14648854743898193,-0.14648854743898193,0.0,100
1.4234530925750732,0.0,0.0026519298553466797,0.0,15,20,2,50,"{'clf__max_depth': 15, 'clf__min_samples_leaf': 20, 'clf__min_samples_split': 2, 'clf__n_estimators': 50}",-0.1358587604266989,-0.1358587604266989,0.0,1
3.1312997341156006,0.0,0.004547119140625,0.0,15,20,2,100,"{'clf__max_depth': 15, 'clf__min_samples_leaf': 20, 'clf__min_samples_split': 2, 'clf__n_estimators': 100}",-0.14168841892731537,-0.14168841892731537,0.0,13
7.036184072494507,0.0,0.008778095245361328,0.0,15,20,2,200,"{'clf__max_depth': 15, 'clf__min_samples_leaf': 20, 'clf__min_samples_split': 2, 'clf__n_estimators': 200}",-0.15428662171346927,-0.15428662171346927,0.0,238
11.042472124099731,0.0,0.014113903045654297,0.0,15,20,2,300,"{'clf__max_depth': 15, 'clf__min_samples_leaf': 20, 'clf__min_samples_split': 2, 'clf__n_estimators': 300}",-0.1686066706716745,-0.1686066706716745,0.0,358
0.24587607383728027,0.0,0.0033299922943115234,0.0,15,20,3,10,"{'clf__max_depth': 15, 'clf__min_samples_leaf': 20, 'clf__min_samples_split': 3, 'clf__n_estimators': 10}",-0.16985042779009177,-0.16985042779009177,0.0,364
0.652947187423706,0.0,0.004709959030151367,0.0,15,20,3,25,"{'clf__max_depth': 15, 'clf__min_samples_leaf': 20, 'clf__min_samples_split': 3, 'clf__n_estimators': 25}",-0.14648854743898193,-0.14648854743898193,0.0,100
1.4295055866241455,0.0,0.002637147903442383,0.0,15,20,3,50,"{'clf__max_depth': 15, 'clf__min_samples_leaf': 20, 'clf__min_samples_split': 3, 'clf__n_estimators': 50}",-0.1358587604266989,-0.1358587604266989,0.0,1
3.179537296295166,0.0,0.003495931625366211,0.0,15,20,3,100,"{'clf__max_depth': 15, 'clf__min_samples_leaf': 20, 'clf__min_samples_split': 3, 'clf__n_estimators': 100}",-0.14168841892731537,-0.14168841892731537,0.0,13
7.104832887649536,0.0,0.005296945571899414,0.0,15,20,3,200,"{'clf__max_depth': 15, 'clf__min_samples_leaf': 20, 'clf__min_samples_split': 3, 'clf__n_estimators': 200}",-0.15428662171346927,-0.15428662171346927,0.0,238
11.093959093093872,0.0,0.008140087127685547,0.0,15,20,3,300,"{'clf__max_depth': 15, 'clf__min_samples_leaf': 20, 'clf__min_samples_split': 3, 'clf__n_estimators': 300}",-0.1686066706716745,-0.1686066706716745,0.0,358
0.2577681541442871,0.0,0.0018889904022216797,0.0,15,20,5,10,"{'clf__max_depth': 15, 'clf__min_samples_leaf': 20, 'clf__min_samples_split': 5, 'clf__n_estimators': 10}",-0.16985042779009177,-0.16985042779009177,0.0,364
0.6543228626251221,0.0,0.0022292137145996094,0.0,15,20,5,25,"{'clf__max_depth': 15, 'clf__min_samples_leaf': 20, 'clf__min_samples_split': 5, 'clf__n_estimators': 25}",-0.14648854743898193,-0.14648854743898193,0.0,100
1.4360010623931885,0.0,0.0026209354400634766,0.0,15,20,5,50,"{'clf__max_depth': 15, 'clf__min_samples_leaf': 20, 'clf__min_samples_split': 5, 'clf__n_estimators': 50}",-0.1358587604266989,-0.1358587604266989,0.0,1
3.200714111328125,0.0,0.003551959991455078,0.0,15,20,5,100,"{'clf__max_depth': 15, 'clf__min_samples_leaf': 20, 'clf__min_samples_split': 5, 'clf__n_estimators': 100}",-0.14168841892731537,-0.14168841892731537,0.0,13
7.054323196411133,0.0,0.008633852005004883,0.0,15,20,5,200,"{'clf__max_depth': 15, 'clf__min_samples_leaf': 20, 'clf__min_samples_split': 5, 'clf__n_estimators': 200}",-0.15428662171346927,-0.15428662171346927,0.0,238
11.217926025390625,0.0,0.009090185165405273,0.0,15,20,5,300,"{'clf__max_depth': 15, 'clf__min_samples_leaf': 20, 'clf__min_samples_split': 5, 'clf__n_estimators': 300}",-0.1686066706716745,-0.1686066706716745,0.0,358
0.18582820892333984,0.0,0.0018360614776611328,0.0,15,50,2,10,"{'clf__max_depth': 15, 'clf__min_samples_leaf': 50, 'clf__min_samples_split': 2, 'clf__n_estimators': 10}",-0.18367022739747169,-0.18367022739747169,0.0,424
0.46128010749816895,0.0,0.0020160675048828125,0.0,15,50,2,25,"{'clf__max_depth': 15, 'clf__min_samples_leaf': 50, 'clf__min_samples_split': 2, 'clf__n_estimators': 25}",-0.1606087156608134,-0.1606087156608134,0.0,292
0.9886388778686523,0.0,0.004667043685913086,0.0,15,50,2,50,"{'clf__max_depth': 15, 'clf__min_samples_leaf': 50, 'clf__min_samples_split': 2, 'clf__n_estimators': 50}",-0.14653030164170036,-0.14653030164170036,0.0,103
2.166752815246582,0.0,0.0030601024627685547,0.0,15,50,2,100,"{'clf__max_depth': 15, 'clf__min_samples_leaf': 50, 'clf__min_samples_split': 2, 'clf__n_estimators': 100}",-0.14807057238642532,-0.14807057238642532,0.0,145
4.568717956542969,0.0,0.0047380924224853516,0.0,15,50,2,200,"{'clf__max_depth': 15, 'clf__min_samples_leaf': 50, 'clf__min_samples_split': 2, 'clf__n_estimators': 200}",-0.1547085179465399,-0.1547085179465399,0.0,244
7.004081726074219,0.0,0.009001016616821289,0.0,15,50,2,300,"{'clf__max_depth': 15, 'clf__min_samples_leaf': 50, 'clf__min_samples_split': 2, 'clf__n_estimators': 300}",-0.16382434037646423,-0.16382434037646423,0.0,307
0.19055795669555664,0.0,0.001934051513671875,0.0,15,50,3,10,"{'clf__max_depth': 15, 'clf__min_samples_leaf': 50, 'clf__min_samples_split': 3, 'clf__n_estimators': 10}",-0.18367022739747169,-0.18367022739747169,0.0,424
0.44609618186950684,0.0,0.0026340484619140625,0.0,15,50,3,25,"{'clf__max_depth': 15, 'clf__min_samples_leaf': 50, 'clf__min_samples_split': 3, 'clf__n_estimators': 25}",-0.1606087156608134,-0.1606087156608134,0.0,292
0.9687678813934326,0.0,0.002377033233642578,0.0,15,50,3,50,"{'clf__max_depth': 15, 'clf__min_samples_leaf': 50, 'clf__min_samples_split': 3, 'clf__n_estimators': 50}",-0.14653030164170036,-0.14653030164170036,0.0,103
2.1566569805145264,0.0,0.005733013153076172,0.0,15,50,3,100,"{'clf__max_depth': 15, 'clf__min_samples_leaf': 50, 'clf__min_samples_split': 3, 'clf__n_estimators': 100}",-0.14807057238642532,-0.14807057238642532,0.0,145
4.57736873626709,0.0,0.00757598876953125,0.0,15,50,3,200,"{'clf__max_depth': 15, 'clf__min_samples_leaf': 50, 'clf__min_samples_split': 3, 'clf__n_estimators': 200}",-0.1547085179465399,-0.1547085179465399,0.0,244
7.274422645568848,0.0,0.009814023971557617,0.0,15,50,3,300,"{'clf__max_depth': 15, 'clf__min_samples_leaf': 50, 'clf__min_samples_split': 3, 'clf__n_estimators': 300}",-0.16382434037646423,-0.16382434037646423,0.0,307
0.18056678771972656,0.0,0.0018880367279052734,0.0,15,50,5,10,"{'clf__max_depth': 15, 'clf__min_samples_leaf': 50, 'clf__min_samples_split': 5, 'clf__n_estimators': 10}",-0.18367022739747169,-0.18367022739747169,0.0,424
0.4421980381011963,0.0,0.002077817916870117,0.0,15,50,5,25,"{'clf__max_depth': 15, 'clf__min_samples_leaf': 50, 'clf__min_samples_split': 5, 'clf__n_estimators': 25}",-0.1606087156608134,-0.1606087156608134,0.0,292
0.9993069171905518,0.0,0.002432107925415039,0.0,15,50,5,50,"{'clf__max_depth': 15, 'clf__min_samples_leaf': 50, 'clf__min_samples_split': 5, 'clf__n_estimators': 50}",-0.14653030164170036,-0.14653030164170036,0.0,103
2.1546568870544434,0.0,0.0052869319915771484,0.0,15,50,5,100,"{'clf__max_depth': 15, 'clf__min_samples_leaf': 50, 'clf__min_samples_split': 5, 'clf__n_estimators': 100}",-0.14807057238642532,-0.14807057238642532,0.0,145
4.668735980987549,0.0,0.00439906120300293,0.0,15,50,5,200,"{'clf__max_depth': 15, 'clf__min_samples_leaf': 50, 'clf__min_samples_split': 5, 'clf__n_estimators': 200}",-0.1547085179465399,-0.1547085179465399,0.0,244
7.549008131027222,0.0,0.0062677860260009766,0.0,15,50,5,300,"{'clf__max_depth': 15, 'clf__min_samples_leaf': 50, 'clf__min_samples_split': 5, 'clf__n_estimators': 300}",-0.16382434037646423,-0.16382434037646423,0.0,307
0.15439605712890625,0.0,0.0027871131896972656,0.0,15,75,2,10,"{'clf__max_depth': 15, 'clf__min_samples_leaf': 75, 'clf__min_samples_split': 2, 'clf__n_estimators': 10}",-0.18081209830788378,-0.18081209830788378,0.0,394
0.3759467601776123,0.0,0.002002239227294922,0.0,15,75,2,25,"{'clf__max_depth': 15, 'clf__min_samples_leaf': 75, 'clf__min_samples_split': 2, 'clf__n_estimators': 25}",-0.16432207301682553,-0.16432207301682553,0.0,322
0.8068857192993164,0.0,0.00225830078125,0.0,15,75,2,50,"{'clf__max_depth': 15, 'clf__min_samples_leaf': 75, 'clf__min_samples_split': 2, 'clf__n_estimators': 50}",-0.14976678857329048,-0.14976678857329048,0.0,172
1.7976510524749756,0.0,0.005836963653564453,0.0,15,75,2,100,"{'clf__max_depth': 15, 'clf__min_samples_leaf': 75, 'clf__min_samples_split': 2, 'clf__n_estimators': 100}",-0.1430705531243221,-0.1430705531243221,0.0,16
3.6297197341918945,0.0,0.004723310470581055,0.0,15,75,2,200,"{'clf__max_depth': 15, 'clf__min_samples_leaf': 75, 'clf__min_samples_split': 2, 'clf__n_estimators': 200}",-0.14798900920266383,-0.14798900920266383,0.0,130
5.483868837356567,0.0,0.004992961883544922,0.0,15,75,2,300,"{'clf__max_depth': 15, 'clf__min_samples_leaf': 75, 'clf__min_samples_split': 2, 'clf__n_estimators': 300}",-0.15413344425135797,-0.15413344425135797,0.0,226
0.1851520538330078,0.0,0.0018239021301269531,0.0,15,75,3,10,"{'clf__max_depth': 15, 'clf__min_samples_leaf': 75, 'clf__min_samples_split': 3, 'clf__n_estimators': 10}",-0.18081209830788378,-0.18081209830788378,0.0,394
0.38332390785217285,0.0,0.002012968063354492,0.0,15,75,3,25,"{'clf__max_depth': 15, 'clf__min_samples_leaf': 75, 'clf__min_samples_split': 3, 'clf__n_estimators': 25}",-0.16432207301682553,-0.16432207301682553,0.0,322
0.7875041961669922,0.0,0.002283811569213867,0.0,15,75,3,50,"{'clf__max_depth': 15, 'clf__min_samples_leaf': 75, 'clf__min_samples_split': 3, 'clf__n_estimators': 50}",-0.14976678857329048,-0.14976678857329048,0.0,172
1.7233788967132568,0.0,0.0030069351196289062,0.0,15,75,3,100,"{'clf__max_depth': 15, 'clf__min_samples_leaf': 75, 'clf__min_samples_split': 3, 'clf__n_estimators': 100}",-0.1430705531243221,-0.1430705531243221,0.0,16
3.6421470642089844,0.0,0.004700899124145508,0.0,15,75,3,200,"{'clf__max_depth': 15, 'clf__min_samples_leaf': 75, 'clf__min_samples_split': 3, 'clf__n_estimators': 200}",-0.14798900920266383,-0.14798900920266383,0.0,130
5.3334410190582275,0.0,0.0049321651458740234,0.0,15,75,3,300,"{'clf__max_depth': 15, 'clf__min_samples_leaf': 75, 'clf__min_samples_split': 3, 'clf__n_estimators': 300}",-0.15413344425135797,-0.15413344425135797,0.0,226
0.14978575706481934,0.0,0.0029859542846679688,0.0,15,75,5,10,"{'clf__max_depth': 15, 'clf__min_samples_leaf': 75, 'clf__min_samples_split': 5, 'clf__n_estimators': 10}",-0.18081209830788378,-0.18081209830788378,0.0,394
0.36783885955810547,0.0,0.0062351226806640625,0.0,15,75,5,25,"{'clf__max_depth': 15, 'clf__min_samples_leaf': 75, 'clf__min_samples_split': 5, 'clf__n_estimators': 25}",-0.16432207301682553,-0.16432207301682553,0.0,322
0.7477338314056396,0.0,0.00234222412109375,0.0,15,75,5,50,"{'clf__max_depth': 15, 'clf__min_samples_leaf': 75, 'clf__min_samples_split': 5, 'clf__n_estimators': 50}",-0.14976678857329048,-0.14976678857329048,0.0,172
1.810671091079712,0.0,0.0028219223022460938,0.0,15,75,5,100,"{'clf__max_depth': 15, 'clf__min_samples_leaf': 75, 'clf__min_samples_split': 5, 'clf__n_estimators': 100}",-0.1430705531243221,-0.1430705531243221,0.0,16
3.5821638107299805,0.0,0.007257938385009766,0.0,15,75,5,200,"{'clf__max_depth': 15, 'clf__min_samples_leaf': 75, 'clf__min_samples_split': 5, 'clf__n_estimators': 200}",-0.14798900920266383,-0.14798900920266383,0.0,130
5.2669150829315186,0.0,0.010286808013916016,0.0,15,75,5,300,"{'clf__max_depth': 15, 'clf__min_samples_leaf': 75, 'clf__min_samples_split': 5, 'clf__n_estimators': 300}",-0.15413344425135797,-0.15413344425135797,0.0,226
0.15956616401672363,0.0,0.004205942153930664,0.0,15,100,2,10,"{'clf__max_depth': 15, 'clf__min_samples_leaf': 100, 'clf__min_samples_split': 2, 'clf__n_estimators': 10}",-0.18291825783523813,-0.18291825783523813,0.0,409
0.39638185501098633,0.0,0.005089998245239258,0.0,15,100,2,25,"{'clf__max_depth': 15, 'clf__min_samples_leaf': 100, 'clf__min_samples_split': 2, 'clf__n_estimators': 25}",-0.16646376111473188,-0.16646376111473188,0.0,337
0.7569849491119385,0.0,0.0052661895751953125,0.0,15,100,2,50,"{'clf__max_depth': 15, 'clf__min_samples_leaf': 100, 'clf__min_samples_split': 2, 'clf__n_estimators': 50}",-0.15063756636422512,-0.15063756636422512,0.0,184
1.3900249004364014,0.0,0.002624988555908203,0.0,15,100,2,100,"{'clf__max_depth': 15, 'clf__min_samples_leaf': 100, 'clf__min_samples_split': 2, 'clf__n_estimators': 100}",-0.14575107133800677,-0.14575107133800677,0.0,55
2.8505520820617676,0.0,0.003423929214477539,0.0,15,100,2,200,"{'clf__max_depth': 15, 'clf__min_samples_leaf': 100, 'clf__min_samples_split': 2, 'clf__n_estimators': 200}",-0.14915607493698296,-0.14915607493698296,0.0,154
4.313591003417969,0.0,0.00860595703125,0.0,15,100,2,300,"{'clf__max_depth': 15, 'clf__min_samples_leaf': 100, 'clf__min_samples_split': 2, 'clf__n_estimators': 300}",-0.15771281323293693,-0.15771281323293693,0.0,271
0.14036011695861816,0.0,0.001847982406616211,0.0,15,100,3,10,"{'clf__max_depth': 15, 'clf__min_samples_leaf': 100, 'clf__min_samples_split': 3, 'clf__n_estimators': 10}",-0.18291825783523813,-0.18291825783523813,0.0,409
0.32201409339904785,0.0,0.0019259452819824219,0.0,15,100,3,25,"{'clf__max_depth': 15, 'clf__min_samples_leaf': 100, 'clf__min_samples_split': 3, 'clf__n_estimators': 25}",-0.16646376111473188,-0.16646376111473188,0.0,337
0.6825342178344727,0.0,0.004633903503417969,0.0,15,100,3,50,"{'clf__max_depth': 15, 'clf__min_samples_leaf': 100, 'clf__min_samples_split': 3, 'clf__n_estimators': 50}",-0.15063756636422512,-0.15063756636422512,0.0,184
1.368204116821289,0.0,0.0026319026947021484,0.0,15,100,3,100,"{'clf__max_depth': 15, 'clf__min_samples_leaf': 100, 'clf__min_samples_split': 3, 'clf__n_estimators': 100}",-0.14575107133800677,-0.14575107133800677,0.0,55
2.827932834625244,0.0,0.006999015808105469,0.0,15,100,3,200,"{'clf__max_depth': 15, 'clf__min_samples_leaf': 100, 'clf__min_samples_split': 3, 'clf__n_estimators': 200}",-0.14915607493698296,-0.14915607493698296,0.0,154
4.269513130187988,0.0,0.007173776626586914,0.0,15,100,3,300,"{'clf__max_depth': 15, 'clf__min_samples_leaf': 100, 'clf__min_samples_split': 3, 'clf__n_estimators': 300}",-0.15771281323293693,-0.15771281323293693,0.0,271
0.13122320175170898,0.0,0.0018138885498046875,0.0,15,100,5,10,"{'clf__max_depth': 15, 'clf__min_samples_leaf': 100, 'clf__min_samples_split': 5, 'clf__n_estimators': 10}",-0.18291825783523813,-0.18291825783523813,0.0,409
0.33882904052734375,0.0,0.001953125,0.0,15,100,5,25,"{'clf__max_depth': 15, 'clf__min_samples_leaf': 100, 'clf__min_samples_split': 5, 'clf__n_estimators': 25}",-0.16646376111473188,-0.16646376111473188,0.0,337
0.6746113300323486,0.0,0.004682779312133789,0.0,15,100,5,50,"{'clf__max_depth': 15, 'clf__min_samples_leaf': 100, 'clf__min_samples_split': 5, 'clf__n_estimators': 50}",-0.15063756636422512,-0.15063756636422512,0.0,184
1.3810210227966309,0.0,0.002595186233520508,0.0,15,100,5,100,"{'clf__max_depth': 15, 'clf__min_samples_leaf': 100, 'clf__min_samples_split': 5, 'clf__n_estimators': 100}",-0.14575107133800677,-0.14575107133800677,0.0,55
2.730954885482788,0.0,0.003392934799194336,0.0,15,100,5,200,"{'clf__max_depth': 15, 'clf__min_samples_leaf': 100, 'clf__min_samples_split': 5, 'clf__n_estimators': 200}",-0.14915607493698296,-0.14915607493698296,0.0,154
4.303154230117798,0.0,0.0065479278564453125,0.0,15,100,5,300,"{'clf__max_depth': 15, 'clf__min_samples_leaf': 100, 'clf__min_samples_split': 5, 'clf__n_estimators': 300}",-0.15771281323293693,-0.15771281323293693,0.0,271
0.10166096687316895,0.0,0.004015922546386719,0.0,15,150,2,10,"{'clf__max_depth': 15, 'clf__min_samples_leaf': 150, 'clf__min_samples_split': 2, 'clf__n_estimators': 10}",-0.18404699944694644,-0.18404699944694644,0.0,436
0.24816298484802246,0.0,0.005560874938964844,0.0,15,150,2,25,"{'clf__max_depth': 15, 'clf__min_samples_leaf': 150, 'clf__min_samples_split': 2, 'clf__n_estimators': 25}",-0.174243736962479,-0.174243736962479,0.0,376
0.521561861038208,0.0,0.005825042724609375,0.0,15,150,2,50,"{'clf__max_depth': 15, 'clf__min_samples_leaf': 150, 'clf__min_samples_split': 2, 'clf__n_estimators': 50}",-0.1553605691445876,-0.1553605691445876,0.0,253
1.0250067710876465,0.0,0.0023632049560546875,0.0,15,150,2,100,"{'clf__max_depth': 15, 'clf__min_samples_leaf': 150, 'clf__min_samples_split': 2, 'clf__n_estimators': 100}",-0.14328571700550935,-0.14328571700550935,0.0,31
2.0283641815185547,0.0,0.005650758743286133,0.0,15,150,2,200,"{'clf__max_depth': 15, 'clf__min_samples_leaf': 150, 'clf__min_samples_split': 2, 'clf__n_estimators': 200}",-0.1458225372413225,-0.1458225372413225,0.0,67
3.032147169113159,0.0,0.006865978240966797,0.0,15,150,2,300,"{'clf__max_depth': 15, 'clf__min_samples_leaf': 150, 'clf__min_samples_split': 2, 'clf__n_estimators': 300}",-0.15297340486528085,-0.15297340486528085,0.0,208
0.09891486167907715,0.0,0.004113197326660156,0.0,15,150,3,10,"{'clf__max_depth': 15, 'clf__min_samples_leaf': 150, 'clf__min_samples_split': 3, 'clf__n_estimators': 10}",-0.18404699944694644,-0.18404699944694644,0.0,436
0.24795770645141602,0.0,0.0019462108612060547,0.0,15,150,3,25,"{'clf__max_depth': 15, 'clf__min_samples_leaf': 150, 'clf__min_samples_split': 3, 'clf__n_estimators': 25}",-0.174243736962479,-0.174243736962479,0.0,376
0.5109419822692871,0.0,0.004358768463134766,0.0,15,150,3,50,"{'clf__max_depth': 15, 'clf__min_samples_leaf': 150, 'clf__min_samples_split': 3, 'clf__n_estimators': 50}",-0.1553605691445876,-0.1553605691445876,0.0,253
1.0176730155944824,0.0,0.002359628677368164,0.0,15,150,3,100,"{'clf__max_depth': 15, 'clf__min_samples_leaf': 150, 'clf__min_samples_split': 3, 'clf__n_estimators': 100}",-0.14328571700550935,-0.14328571700550935,0.0,31
2.0357887744903564,0.0,0.006333112716674805,0.0,15,150,3,200,"{'clf__max_depth': 15, 'clf__min_samples_leaf': 150, 'clf__min_samples_split': 3, 'clf__n_estimators': 200}",-0.1458225372413225,-0.1458225372413225,0.0,67
3.0282928943634033,0.0,0.006186962127685547,0.0,15,150,3,300,"{'clf__max_depth': 15, 'clf__min_samples_leaf': 150, 'clf__min_samples_split': 3, 'clf__n_estimators': 300}",-0.15297340486528085,-0.15297340486528085,0.0,208
0.10320210456848145,0.0,0.0041730403900146484,0.0,15,150,5,10,"{'clf__max_depth': 15, 'clf__min_samples_leaf': 150, 'clf__min_samples_split': 5, 'clf__n_estimators': 10}",-0.18404699944694644,-0.18404699944694644,0.0,436
0.25905799865722656,0.0,0.003612995147705078,0.0,15,150,5,25,"{'clf__max_depth': 15, 'clf__min_samples_leaf': 150, 'clf__min_samples_split': 5, 'clf__n_estimators': 25}",-0.174243736962479,-0.174243736962479,0.0,376
0.5242581367492676,0.0,0.002084970474243164,0.0,15,150,5,50,"{'clf__max_depth': 15, 'clf__min_samples_leaf': 150, 'clf__min_samples_split': 5, 'clf__n_estimators': 50}",-0.1553605691445876,-0.1553605691445876,0.0,253
1.015876054763794,0.0,0.002332925796508789,0.0,15,150,5,100,"{'clf__max_depth': 15, 'clf__min_samples_leaf': 150, 'clf__min_samples_split': 5, 'clf__n_estimators': 100}",-0.14328571700550935,-0.14328571700550935,0.0,31
2.05293607711792,0.0,0.0029969215393066406,0.0,15,150,5,200,"{'clf__max_depth': 15, 'clf__min_samples_leaf': 150, 'clf__min_samples_split': 5, 'clf__n_estimators': 200}",-0.1458225372413225,-0.1458225372413225,0.0,67
3.0485620498657227,0.0,0.006301164627075195,0.0,15,150,5,300,"{'clf__max_depth': 15, 'clf__min_samples_leaf': 150, 'clf__min_samples_split': 5, 'clf__n_estimators': 300}",-0.15297340486528085,-0.15297340486528085,0.0,208
0.2496321201324463,0.0,0.00432896614074707,0.0,20,20,2,10,"{'clf__max_depth': 20, 'clf__min_samples_leaf': 20, 'clf__min_samples_split': 2, 'clf__n_estimators': 10}",-0.16985042779009177,-0.16985042779009177,0.0,364
0.6431269645690918,0.0,0.0022139549255371094,0.0,20,20,2,25,"{'clf__max_depth': 20, 'clf__min_samples_leaf': 20, 'clf__min_samples_split': 2, 'clf__n_estimators': 25}",-0.1460381906902455,-0.1460381906902455,0.0,88
1.4431023597717285,0.0,0.002712726593017578,0.0,20,20,2,50,"{'clf__max_depth': 20, 'clf__min_samples_leaf': 20, 'clf__min_samples_split': 2, 'clf__n_estimators': 50}",-0.1391496742236087,-0.1391496742236087,0.0,4
3.285386085510254,0.0,0.007460117340087891,0.0,20,20,2,100,"{'clf__max_depth': 20, 'clf__min_samples_leaf': 20, 'clf__min_samples_split': 2, 'clf__n_estimators': 100}",-0.14463250068438907,-0.14463250068438907,0.0,49
7.696259021759033,0.0,0.007544994354248047,0.0,20,20,2,200,"{'clf__max_depth': 20, 'clf__min_samples_leaf': 20, 'clf__min_samples_split': 2, 'clf__n_estimators': 200}",-0.15724767662074685,-0.15724767662074685,0.0,268
12.277851104736328,0.0,0.012026071548461914,0.0,20,20,2,300,"{'clf__max_depth': 20, 'clf__min_samples_leaf': 20, 'clf__min_samples_split': 2, 'clf__n_estimators': 300}",-0.16599080188212703,-0.16599080188212703,0.0,334
0.24701499938964844,0.0,0.004167079925537109,0.0,20,20,3,10,"{'clf__max_depth': 20, 'clf__min_samples_leaf': 20, 'clf__min_samples_split': 3, 'clf__n_estimators': 10}",-0.16985042779009177,-0.16985042779009177,0.0,364
0.6629419326782227,0.0,0.005024909973144531,0.0,20,20,3,25,"{'clf__max_depth': 20, 'clf__min_samples_leaf': 20, 'clf__min_samples_split': 3, 'clf__n_estimators': 25}",-0.1460381906902455,-0.1460381906902455,0.0,88
1.4867300987243652,0.0,0.005890846252441406,0.0,20,20,3,50,"{'clf__max_depth': 20, 'clf__min_samples_leaf': 20, 'clf__min_samples_split': 3, 'clf__n_estimators': 50}",-0.1391496742236087,-0.1391496742236087,0.0,4
3.2734060287475586,0.0,0.0043182373046875,0.0,20,20,3,100,"{'clf__max_depth': 20, 'clf__min_samples_leaf': 20, 'clf__min_samples_split': 3, 'clf__n_estimators': 100}",-0.14463250068438907,-0.14463250068438907,0.0,49
7.616618871688843,0.0,0.008898258209228516,0.0,20,20,3,200,"{'clf__max_depth': 20, 'clf__min_samples_leaf': 20, 'clf__min_samples_split': 3, 'clf__n_estimators': 200}",-0.15724767662074685,-0.15724767662074685,0.0,268
12.584115982055664,0.0,0.010228157043457031,0.0,20,20,3,300,"{'clf__max_depth': 20, 'clf__min_samples_leaf': 20, 'clf__min_samples_split': 3, 'clf__n_estimators': 300}",-0.16599080188212703,-0.16599080188212703,0.0,334
0.246873140335083,0.0,0.0019431114196777344,0.0,20,20,5,10,"{'clf__max_depth': 20, 'clf__min_samples_leaf': 20, 'clf__min_samples_split': 5, 'clf__n_estimators': 10}",-0.16985042779009177,-0.16985042779009177,0.0,364
0.6272320747375488,0.0,0.002191781997680664,0.0,20,20,5,25,"{'clf__max_depth': 20, 'clf__min_samples_leaf': 20, 'clf__min_samples_split': 5, 'clf__n_estimators': 25}",-0.1460381906902455,-0.1460381906902455,0.0,88
1.4362311363220215,0.0,0.00261688232421875,0.0,20,20,5,50,"{'clf__max_depth': 20, 'clf__min_samples_leaf': 20, 'clf__min_samples_split': 5, 'clf__n_estimators': 50}",-0.1391496742236087,-0.1391496742236087,0.0,4
3.2188730239868164,0.0,0.005131959915161133,0.0,20,20,5,100,"{'clf__max_depth': 20, 'clf__min_samples_leaf': 20, 'clf__min_samples_split': 5, 'clf__n_estimators': 100}",-0.14463250068438907,-0.14463250068438907,0.0,49
7.595733165740967,0.0,0.005584001541137695,0.0,20,20,5,200,"{'clf__max_depth': 20, 'clf__min_samples_leaf': 20, 'clf__min_samples_split': 5, 'clf__n_estimators': 200}",-0.15724767662074685,-0.15724767662074685,0.0,268
12.512116432189941,0.0,0.007496833801269531,0.0,20,20,5,300,"{'clf__max_depth': 20, 'clf__min_samples_leaf': 20, 'clf__min_samples_split': 5, 'clf__n_estimators': 300}",-0.16599080188212703,-0.16599080188212703,0.0,334
0.19095396995544434,0.0,0.001911163330078125,0.0,20,50,2,10,"{'clf__max_depth': 20, 'clf__min_samples_leaf': 50, 'clf__min_samples_split': 2, 'clf__n_estimators': 10}",-0.18367022739747169,-0.18367022739747169,0.0,424
0.44448089599609375,0.0,0.0020470619201660156,0.0,20,50,2,25,"{'clf__max_depth': 20, 'clf__min_samples_leaf': 50, 'clf__min_samples_split': 2, 'clf__n_estimators': 25}",-0.1606087156608134,-0.1606087156608134,0.0,292
0.9379041194915771,0.0,0.002354860305786133,0.0,20,50,2,50,"{'clf__max_depth': 20, 'clf__min_samples_leaf': 50, 'clf__min_samples_split': 2, 'clf__n_estimators': 50}",-0.14653030164170036,-0.14653030164170036,0.0,103
2.0919089317321777,0.0,0.005806922912597656,0.0,20,50,2,100,"{'clf__max_depth': 20, 'clf__min_samples_leaf': 50, 'clf__min_samples_split': 2, 'clf__n_estimators': 100}",-0.14807057238642532,-0.14807057238642532,0.0,145
4.4980480670928955,0.0,0.004317045211791992,0.0,20,50,2,200,"{'clf__max_depth': 20, 'clf__min_samples_leaf': 50, 'clf__min_samples_split': 2, 'clf__n_estimators': 200}",-0.1547085179465399,-0.1547085179465399,0.0,244
6.932893991470337,0.0,0.00656890869140625,0.0,20,50,2,300,"{'clf__max_depth': 20, 'clf__min_samples_leaf': 50, 'clf__min_samples_split': 2, 'clf__n_estimators': 300}",-0.16382434037646423,-0.16382434037646423,0.0,307
0.1828780174255371,0.0,0.001912832260131836,0.0,20,50,3,10,"{'clf__max_depth': 20, 'clf__min_samples_leaf': 50, 'clf__min_samples_split': 3, 'clf__n_estimators': 10}",-0.18367022739747169,-0.18367022739747169,0.0,424
0.4461369514465332,0.0,0.004876852035522461,0.0,20,50,3,25,"{'clf__max_depth': 20, 'clf__min_samples_leaf': 50, 'clf__min_samples_split': 3, 'clf__n_estimators': 25}",-0.1606087156608134,-0.1606087156608134,0.0,292
0.9560680389404297,0.0,0.0041179656982421875,0.0,20,50,3,50,"{'clf__max_depth': 20, 'clf__min_samples_leaf': 50, 'clf__min_samples_split': 3, 'clf__n_estimators': 50}",-0.14653030164170036,-0.14653030164170036,0.0,103
2.10954213142395,0.0,0.0030558109283447266,0.0,20,50,3,100,"{'clf__max_depth': 20, 'clf__min_samples_leaf': 50, 'clf__min_samples_split': 3, 'clf__n_estimators': 100}",-0.14807057238642532,-0.14807057238642532,0.0,145
4.5161659717559814,0.0,0.005825996398925781,0.0,20,50,3,200,"{'clf__max_depth': 20, 'clf__min_samples_leaf': 50, 'clf__min_samples_split': 3, 'clf__n_estimators': 200}",-0.1547085179465399,-0.1547085179465399,0.0,244
7.135500192642212,0.0,0.005553722381591797,0.0,20,50,3,300,"{'clf__max_depth': 20, 'clf__min_samples_leaf': 50, 'clf__min_samples_split': 3, 'clf__n_estimators': 300}",-0.16382434037646423,-0.16382434037646423,0.0,307
0.18494105339050293,0.0,0.0019452571868896484,0.0,20,50,5,10,"{'clf__max_depth': 20, 'clf__min_samples_leaf': 50, 'clf__min_samples_split': 5, 'clf__n_estimators': 10}",-0.18367022739747169,-0.18367022739747169,0.0,424
0.43782782554626465,0.0,0.0020520687103271484,0.0,20,50,5,25,"{'clf__max_depth': 20, 'clf__min_samples_leaf': 50, 'clf__min_samples_split': 5, 'clf__n_estimators': 25}",-0.1606087156608134,-0.1606087156608134,0.0,292
0.981419563293457,0.0,0.0033521652221679688,0.0,20,50,5,50,"{'clf__max_depth': 20, 'clf__min_samples_leaf': 50, 'clf__min_samples_split': 5, 'clf__n_estimators': 50}",-0.14653030164170036,-0.14653030164170036,0.0,103
2.100691318511963,0.0,0.005653858184814453,0.0,20,50,5,100,"{'clf__max_depth': 20, 'clf__min_samples_leaf': 50, 'clf__min_samples_split': 5, 'clf__n_estimators': 100}",-0.14807057238642532,-0.14807057238642532,0.0,145
4.432168960571289,0.0,0.0044977664947509766,0.0,20,50,5,200,"{'clf__max_depth': 20, 'clf__min_samples_leaf': 50, 'clf__min_samples_split': 5, 'clf__n_estimators': 200}",-0.1547085179465399,-0.1547085179465399,0.0,244
6.986588716506958,0.0,0.009078025817871094,0.0,20,50,5,300,"{'clf__max_depth': 20, 'clf__min_samples_leaf': 50, 'clf__min_samples_split': 5, 'clf__n_estimators': 300}",-0.16382434037646423,-0.16382434037646423,0.0,307
0.1516859531402588,0.0,0.0018422603607177734,0.0,20,75,2,10,"{'clf__max_depth': 20, 'clf__min_samples_leaf': 75, 'clf__min_samples_split': 2, 'clf__n_estimators': 10}",-0.18081209830788378,-0.18081209830788378,0.0,394
0.3798961639404297,0.0,0.002023935317993164,0.0,20,75,2,25,"{'clf__max_depth': 20, 'clf__min_samples_leaf': 75, 'clf__min_samples_split': 2, 'clf__n_estimators': 25}",-0.16432207301682553,-0.16432207301682553,0.0,322
0.7804450988769531,0.0,0.0023279190063476562,0.0,20,75,2,50,"{'clf__max_depth': 20, 'clf__min_samples_leaf': 75, 'clf__min_samples_split': 2, 'clf__n_estimators': 50}",-0.14976678857329048,-0.14976678857329048,0.0,172
1.6579389572143555,0.0,0.002763986587524414,0.0,20,75,2,100,"{'clf__max_depth': 20, 'clf__min_samples_leaf': 75, 'clf__min_samples_split': 2, 'clf__n_estimators': 100}",-0.1430705531243221,-0.1430705531243221,0.0,16
3.3855910301208496,0.0,0.007569074630737305,0.0,20,75,2,200,"{'clf__max_depth': 20, 'clf__min_samples_leaf': 75, 'clf__min_samples_split': 2, 'clf__n_estimators': 200}",-0.14798900920266383,-0.14798900920266383,0.0,130
5.046677112579346,0.0,0.00857686996459961,0.0,20,75,2,300,"{'clf__max_depth': 20, 'clf__min_samples_leaf': 75, 'clf__min_samples_split': 2, 'clf__n_estimators': 300}",-0.15413344425135797,-0.15413344425135797,0.0,226
0.14568805694580078,0.0,0.004397869110107422,0.0,20,75,3,10,"{'clf__max_depth': 20, 'clf__min_samples_leaf': 75, 'clf__min_samples_split': 3, 'clf__n_estimators': 10}",-0.18081209830788378,-0.18081209830788378,0.0,394
0.3673090934753418,0.0,0.001987934112548828,0.0,20,75,3,25,"{'clf__max_depth': 20, 'clf__min_samples_leaf': 75, 'clf__min_samples_split': 3, 'clf__n_estimators': 25}",-0.16432207301682553,-0.16432207301682553,0.0,322
0.8406457901000977,0.0,0.0022652149200439453,0.0,20,75,3,50,"{'clf__max_depth': 20, 'clf__min_samples_leaf': 75, 'clf__min_samples_split': 3, 'clf__n_estimators': 50}",-0.14976678857329048,-0.14976678857329048,0.0,172
1.6511821746826172,0.0,0.002710103988647461,0.0,20,75,3,100,"{'clf__max_depth': 20, 'clf__min_samples_leaf': 75, 'clf__min_samples_split': 3, 'clf__n_estimators': 100}",-0.1430705531243221,-0.1430705531243221,0.0,16
3.444005012512207,0.0,0.004598855972290039,0.0,20,75,3,200,"{'clf__max_depth': 20, 'clf__min_samples_leaf': 75, 'clf__min_samples_split': 3, 'clf__n_estimators': 200}",-0.14798900920266383,-0.14798900920266383,0.0,130
5.533957242965698,0.0,0.007096052169799805,0.0,20,75,3,300,"{'clf__max_depth': 20, 'clf__min_samples_leaf': 75, 'clf__min_samples_split': 3, 'clf__n_estimators': 300}",-0.15413344425135797,-0.15413344425135797,0.0,226
0.14609098434448242,0.0,0.004099845886230469,0.0,20,75,5,10,"{'clf__max_depth': 20, 'clf__min_samples_leaf': 75, 'clf__min_samples_split': 5, 'clf__n_estimators': 10}",-0.18081209830788378,-0.18081209830788378,0.0,394
0.38506317138671875,0.0,0.0020570755004882812,0.0,20,75,5,25,"{'clf__max_depth': 20, 'clf__min_samples_leaf': 75, 'clf__min_samples_split': 5, 'clf__n_estimators': 25}",-0.16432207301682553,-0.16432207301682553,0.0,322
0.7930870056152344,0.0,0.0022051334381103516,0.0,20,75,5,50,"{'clf__max_depth': 20, 'clf__min_samples_leaf': 75, 'clf__min_samples_split': 5, 'clf__n_estimators': 50}",-0.14976678857329048,-0.14976678857329048,0.0,172
1.6481599807739258,0.0,0.004764080047607422,0.0,20,75,5,100,"{'clf__max_depth': 20, 'clf__min_samples_leaf': 75, 'clf__min_samples_split': 5, 'clf__n_estimators': 100}",-0.1430705531243221,-0.1430705531243221,0.0,16
3.916297435760498,0.0,0.0038797855377197266,0.0,20,75,5,200,"{'clf__max_depth': 20, 'clf__min_samples_leaf': 75, 'clf__min_samples_split': 5, 'clf__n_estimators': 200}",-0.14798900920266383,-0.14798900920266383,0.0,130
5.576265096664429,0.0,0.009351015090942383,0.0,20,75,5,300,"{'clf__max_depth': 20, 'clf__min_samples_leaf': 75, 'clf__min_samples_split': 5, 'clf__n_estimators': 300}",-0.15413344425135797,-0.15413344425135797,0.0,226
0.14505696296691895,0.0,0.004129886627197266,0.0,20,100,2,10,"{'clf__max_depth': 20, 'clf__min_samples_leaf': 100, 'clf__min_samples_split': 2, 'clf__n_estimators': 10}",-0.18291825783523813,-0.18291825783523813,0.0,409
0.3170289993286133,0.0,0.0019080638885498047,0.0,20,100,2,25,"{'clf__max_depth': 20, 'clf__min_samples_leaf': 100, 'clf__min_samples_split': 2, 'clf__n_estimators': 25}",-0.16646376111473188,-0.16646376111473188,0.0,337
0.697742223739624,0.0,0.004252910614013672,0.0,20,100,2,50,"{'clf__max_depth': 20, 'clf__min_samples_leaf': 100, 'clf__min_samples_split': 2, 'clf__n_estimators': 50}",-0.15063756636422512,-0.15063756636422512,0.0,184
1.657787799835205,0.0,0.0026090145111083984,0.0,20,100,2,100,"{'clf__max_depth': 20, 'clf__min_samples_leaf': 100, 'clf__min_samples_split': 2, 'clf__n_estimators': 100}",-0.14575107133800677,-0.14575107133800677,0.0,55
3.225534200668335,0.0,0.005750894546508789,0.0,20,100,2,200,"{'clf__max_depth': 20, 'clf__min_samples_leaf': 100, 'clf__min_samples_split': 2, 'clf__n_estimators': 200}",-0.14915607493698296,-0.14915607493698296,0.0,154
4.7555530071258545,0.0,0.00560307502746582,0.0,20,100,2,300,"{'clf__max_depth': 20, 'clf__min_samples_leaf': 100, 'clf__min_samples_split': 2, 'clf__n_estimators': 300}",-0.15771281323293693,-0.15771281323293693,0.0,271
0.18291997909545898,0.0,0.004369258880615234,0.0,20,100,3,10,"{'clf__max_depth': 20, 'clf__min_samples_leaf': 100, 'clf__min_samples_split': 3, 'clf__n_estimators': 10}",-0.18291825783523813,-0.18291825783523813,0.0,409
0.5645592212677002,0.0,0.0026128292083740234,0.0,20,100,3,25,"{'clf__max_depth': 20, 'clf__min_samples_leaf': 100, 'clf__min_samples_split': 3, 'clf__n_estimators': 25}",-0.16646376111473188,-0.16646376111473188,0.0,337
0.8991718292236328,0.0,0.004210948944091797,0.0,20,100,3,50,"{'clf__max_depth': 20, 'clf__min_samples_leaf': 100, 'clf__min_samples_split': 3, 'clf__n_estimators': 50}",-0.15063756636422512,-0.15063756636422512,0.0,184
1.4827892780303955,0.0,0.0026760101318359375,0.0,20,100,3,100,"{'clf__max_depth': 20, 'clf__min_samples_leaf': 100, 'clf__min_samples_split': 3, 'clf__n_estimators': 100}",-0.14575107133800677,-0.14575107133800677,0.0,55
2.865507125854492,0.0,0.004046916961669922,0.0,20,100,3,200,"{'clf__max_depth': 20, 'clf__min_samples_leaf': 100, 'clf__min_samples_split': 3, 'clf__n_estimators': 200}",-0.14915607493698296,-0.14915607493698296,0.0,154
4.364725112915039,0.0,0.0056188106536865234,0.0,20,100,3,300,"{'clf__max_depth': 20, 'clf__min_samples_leaf': 100, 'clf__min_samples_split': 3, 'clf__n_estimators': 300}",-0.15771281323293693,-0.15771281323293693,0.0,271
0.1523759365081787,0.0,0.0018239021301269531,0.0,20,100,5,10,"{'clf__max_depth': 20, 'clf__min_samples_leaf': 100, 'clf__min_samples_split': 5, 'clf__n_estimators': 10}",-0.18291825783523813,-0.18291825783523813,0.0,409
0.32172632217407227,0.0,0.001968860626220703,0.0,20,100,5,25,"{'clf__max_depth': 20, 'clf__min_samples_leaf': 100, 'clf__min_samples_split': 5, 'clf__n_estimators': 25}",-0.16646376111473188,-0.16646376111473188,0.0,337
0.6677720546722412,0.0,0.0045468807220458984,0.0,20,100,5,50,"{'clf__max_depth': 20, 'clf__min_samples_leaf': 100, 'clf__min_samples_split': 5, 'clf__n_estimators': 50}",-0.15063756636422512,-0.15063756636422512,0.0,184
1.3784592151641846,0.0,0.0025708675384521484,0.0,20,100,5,100,"{'clf__max_depth': 20, 'clf__min_samples_leaf': 100, 'clf__min_samples_split': 5, 'clf__n_estimators': 100}",-0.14575107133800677,-0.14575107133800677,0.0,55
2.8242311477661133,0.0,0.003490924835205078,0.0,20,100,5,200,"{'clf__max_depth': 20, 'clf__min_samples_leaf': 100, 'clf__min_samples_split': 5, 'clf__n_estimators': 200}",-0.14915607493698296,-0.14915607493698296,0.0,154
4.250186920166016,0.0,0.004380226135253906,0.0,20,100,5,300,"{'clf__max_depth': 20, 'clf__min_samples_leaf': 100, 'clf__min_samples_split': 5, 'clf__n_estimators': 300}",-0.15771281323293693,-0.15771281323293693,0.0,271
0.10693717002868652,0.0,0.004105806350708008,0.0,20,150,2,10,"{'clf__max_depth': 20, 'clf__min_samples_leaf': 150, 'clf__min_samples_split': 2, 'clf__n_estimators': 10}",-0.18404699944694644,-0.18404699944694644,0.0,436
0.2437272071838379,0.0,0.0029959678649902344,0.0,20,150,2,25,"{'clf__max_depth': 20, 'clf__min_samples_leaf': 150, 'clf__min_samples_split': 2, 'clf__n_estimators': 25}",-0.174243736962479,-0.174243736962479,0.0,376
0.5186581611633301,0.0,0.002073049545288086,0.0,20,150,2,50,"{'clf__max_depth': 20, 'clf__min_samples_leaf': 150, 'clf__min_samples_split': 2, 'clf__n_estimators': 50}",-0.1553605691445876,-0.1553605691445876,0.0,253
1.0157959461212158,0.0,0.0023050308227539062,0.0,20,150,2,100,"{'clf__max_depth': 20, 'clf__min_samples_leaf': 150, 'clf__min_samples_split': 2, 'clf__n_estimators': 100}",-0.14328571700550935,-0.14328571700550935,0.0,31
2.086287021636963,0.0,0.004172801971435547,0.0,20,150,2,200,"{'clf__max_depth': 20, 'clf__min_samples_leaf': 150, 'clf__min_samples_split': 2, 'clf__n_estimators': 200}",-0.1458225372413225,-0.1458225372413225,0.0,67
3.0668108463287354,0.0,0.003571033477783203,0.0,20,150,2,300,"{'clf__max_depth': 20, 'clf__min_samples_leaf': 150, 'clf__min_samples_split': 2, 'clf__n_estimators': 300}",-0.15297340486528085,-0.15297340486528085,0.0,208
0.10140395164489746,0.0,0.004456043243408203,0.0,20,150,3,10,"{'clf__max_depth': 20, 'clf__min_samples_leaf': 150, 'clf__min_samples_split': 3, 'clf__n_estimators': 10}",-0.18404699944694644,-0.18404699944694644,0.0,436
0.25146913528442383,0.0,0.0034160614013671875,0.0,20,150,3,25,"{'clf__max_depth': 20, 'clf__min_samples_leaf': 150, 'clf__min_samples_split': 3, 'clf__n_estimators': 25}",-0.174243736962479,-0.174243736962479,0.0,376
0.5478227138519287,0.0,0.00516819953918457,0.0,20,150,3,50,"{'clf__max_depth': 20, 'clf__min_samples_leaf': 150, 'clf__min_samples_split': 3, 'clf__n_estimators': 50}",-0.1553605691445876,-0.1553605691445876,0.0,253
0.9887609481811523,0.0,0.003668069839477539,0.0,20,150,3,100,"{'clf__max_depth': 20, 'clf__min_samples_leaf': 150, 'clf__min_samples_split': 3, 'clf__n_estimators': 100}",-0.14328571700550935,-0.14328571700550935,0.0,31
2.11814284324646,0.0,0.003000020980834961,0.0,20,150,3,200,"{'clf__max_depth': 20, 'clf__min_samples_leaf': 150, 'clf__min_samples_split': 3, 'clf__n_estimators': 200}",-0.1458225372413225,-0.1458225372413225,0.0,67
3.0425100326538086,0.0,0.005266904830932617,0.0,20,150,3,300,"{'clf__max_depth': 20, 'clf__min_samples_leaf': 150, 'clf__min_samples_split': 3, 'clf__n_estimators': 300}",-0.15297340486528085,-0.15297340486528085,0.0,208
0.08837199211120605,0.0,0.0020558834075927734,0.0,20,150,5,10,"{'clf__max_depth': 20, 'clf__min_samples_leaf': 150, 'clf__min_samples_split': 5, 'clf__n_estimators': 10}",-0.18404699944694644,-0.18404699944694644,0.0,436
0.2444441318511963,0.0,0.001940011978149414,0.0,20,150,5,25,"{'clf__max_depth': 20, 'clf__min_samples_leaf': 150, 'clf__min_samples_split': 5, 'clf__n_estimators': 25}",-0.174243736962479,-0.174243736962479,0.0,376
0.5439021587371826,0.0,0.0043756961822509766,0.0,20,150,5,50,"{'clf__max_depth': 20, 'clf__min_samples_leaf': 150, 'clf__min_samples_split': 5, 'clf__n_estimators': 50}",-0.1553605691445876,-0.1553605691445876,0.0,253
0.992171049118042,0.0,0.0023539066314697266,0.0,20,150,5,100,"{'clf__max_depth': 20, 'clf__min_samples_leaf': 150, 'clf__min_samples_split': 5, 'clf__n_estimators': 100}",-0.14328571700550935,-0.14328571700550935,0.0,31
1.9807376861572266,0.0,0.00652623176574707,0.0,20,150,5,200,"{'clf__max_depth': 20, 'clf__min_samples_leaf': 150, 'clf__min_samples_split': 5, 'clf__n_estimators': 200}",-0.1458225372413225,-0.1458225372413225,0.0,67
3.006706953048706,0.0,0.003696918487548828,0.0,20,150,5,300,"{'clf__max_depth': 20, 'clf__min_samples_leaf': 150, 'clf__min_samples_split': 5, 'clf__n_estimators': 300}",-0.15297340486528085,-0.15297340486528085,0.0,208
0.24694395065307617,0.0,0.0018529891967773438,0.0,25,20,2,10,"{'clf__max_depth': 25, 'clf__min_samples_leaf': 20, 'clf__min_samples_split': 2, 'clf__n_estimators': 10}",-0.16985042779009177,-0.16985042779009177,0.0,364
0.6376419067382812,0.0,0.0021991729736328125,0.0,25,20,2,25,"{'clf__max_depth': 25, 'clf__min_samples_leaf': 20, 'clf__min_samples_split': 2, 'clf__n_estimators': 25}",-0.1460381906902455,-0.1460381906902455,0.0,88
1.4077486991882324,0.0,0.002679109573364258,0.0,25,20,2,50,"{'clf__max_depth': 25, 'clf__min_samples_leaf': 20, 'clf__min_samples_split': 2, 'clf__n_estimators': 50}",-0.1391496742236087,-0.1391496742236087,0.0,4
3.304027795791626,0.0,0.003595113754272461,0.0,25,20,2,100,"{'clf__max_depth': 25, 'clf__min_samples_leaf': 20, 'clf__min_samples_split': 2, 'clf__n_estimators': 100}",-0.14683876148699118,-0.14683876148699118,0.0,112
7.666104793548584,0.0,0.009254217147827148,0.0,25,20,2,200,"{'clf__max_depth': 25, 'clf__min_samples_leaf': 20, 'clf__min_samples_split': 2, 'clf__n_estimators': 200}",-0.16124574772484682,-0.16124574772484682,0.0,304
12.965027093887329,0.0,0.010416746139526367,0.0,25,20,2,300,"{'clf__max_depth': 25, 'clf__min_samples_leaf': 20, 'clf__min_samples_split': 2, 'clf__n_estimators': 300}",-0.17379348065128036,-0.17379348065128036,0.0,373
0.25231194496154785,0.0,0.0043468475341796875,0.0,25,20,3,10,"{'clf__max_depth': 25, 'clf__min_samples_leaf': 20, 'clf__min_samples_split': 3, 'clf__n_estimators': 10}",-0.16985042779009177,-0.16985042779009177,0.0,364
0.6254439353942871,0.0,0.0021240711212158203,0.0,25,20,3,25,"{'clf__max_depth': 25, 'clf__min_samples_leaf': 20, 'clf__min_samples_split': 3, 'clf__n_estimators': 25}",-0.1460381906902455,-0.1460381906902455,0.0,88
1.414005994796753,0.0,0.002730131149291992,0.0,25,20,3,50,"{'clf__max_depth': 25, 'clf__min_samples_leaf': 20, 'clf__min_samples_split': 3, 'clf__n_estimators': 50}",-0.1391496742236087,-0.1391496742236087,0.0,4
3.2778098583221436,0.0,0.006319284439086914,0.0,25,20,3,100,"{'clf__max_depth': 25, 'clf__min_samples_leaf': 20, 'clf__min_samples_split': 3, 'clf__n_estimators': 100}",-0.14683876148699118,-0.14683876148699118,0.0,112
7.561129331588745,0.0,0.005550861358642578,0.0,25,20,3,200,"{'clf__max_depth': 25, 'clf__min_samples_leaf': 20, 'clf__min_samples_split': 3, 'clf__n_estimators': 200}",-0.16124574772484682,-0.16124574772484682,0.0,304
12.757161140441895,0.0,0.010151863098144531,0.0,25,20,3,300,"{'clf__max_depth': 25, 'clf__min_samples_leaf': 20, 'clf__min_samples_split': 3, 'clf__n_estimators': 300}",-0.17379348065128036,-0.17379348065128036,0.0,373
0.2625560760498047,0.0,0.0019359588623046875,0.0,25,20,5,10,"{'clf__max_depth': 25, 'clf__min_samples_leaf': 20, 'clf__min_samples_split': 5, 'clf__n_estimators': 10}",-0.16985042779009177,-0.16985042779009177,0.0,364
0.6639089584350586,0.0,0.0021538734436035156,0.0,25,20,5,25,"{'clf__max_depth': 25, 'clf__min_samples_leaf': 20, 'clf__min_samples_split': 5, 'clf__n_estimators': 25}",-0.1460381906902455,-0.1460381906902455,0.0,88
1.4322872161865234,0.0,0.0027348995208740234,0.0,25,20,5,50,"{'clf__max_depth': 25, 'clf__min_samples_leaf': 20, 'clf__min_samples_split': 5, 'clf__n_estimators': 50}",-0.1391496742236087,-0.1391496742236087,0.0,4
3.2872533798217773,0.0,0.0035238265991210938,0.0,25,20,5,100,"{'clf__max_depth': 25, 'clf__min_samples_leaf': 20, 'clf__min_samples_split': 5, 'clf__n_estimators': 100}",-0.14683876148699118,-0.14683876148699118,0.0,112
7.5539820194244385,0.0,0.0055751800537109375,0.0,25,20,5,200,"{'clf__max_depth': 25, 'clf__min_samples_leaf': 20, 'clf__min_samples_split': 5, 'clf__n_estimators': 200}",-0.16124574772484682,-0.16124574772484682,0.0,304
12.775163888931274,0.0,0.01158905029296875,0.0,25,20,5,300,"{'clf__max_depth': 25, 'clf__min_samples_leaf': 20, 'clf__min_samples_split': 5, 'clf__n_estimators': 300}",-0.17379348065128036,-0.17379348065128036,0.0,373
0.18667888641357422,0.0,0.0018491744995117188,0.0,25,50,2,10,"{'clf__max_depth': 25, 'clf__min_samples_leaf': 50, 'clf__min_samples_split': 2, 'clf__n_estimators': 10}",-0.18367022739747169,-0.18367022739747169,0.0,424
0.4446079730987549,0.0,0.0036401748657226562,0.0,25,50,2,25,"{'clf__max_depth': 25, 'clf__min_samples_leaf': 50, 'clf__min_samples_split': 2, 'clf__n_estimators': 25}",-0.1606087156608134,-0.1606087156608134,0.0,292
0.983863115310669,0.0,0.002363920211791992,0.0,25,50,2,50,"{'clf__max_depth': 25, 'clf__min_samples_leaf': 50, 'clf__min_samples_split': 2, 'clf__n_estimators': 50}",-0.14653030164170036,-0.14653030164170036,0.0,103
2.1306750774383545,0.0,0.00548100471496582,0.0,25,50,2,100,"{'clf__max_depth': 25, 'clf__min_samples_leaf': 50, 'clf__min_samples_split': 2, 'clf__n_estimators': 100}",-0.14807057238642532,-0.14807057238642532,0.0,145
4.464968919754028,0.0,0.006243228912353516,0.0,25,50,2,200,"{'clf__max_depth': 25, 'clf__min_samples_leaf': 50, 'clf__min_samples_split': 2, 'clf__n_estimators': 200}",-0.1547085179465399,-0.1547085179465399,0.0,244
6.973767995834351,0.0,0.0055773258209228516,0.0,25,50,2,300,"{'clf__max_depth': 25, 'clf__min_samples_leaf': 50, 'clf__min_samples_split': 2, 'clf__n_estimators': 300}",-0.16382434037646423,-0.16382434037646423,0.0,307
0.185791015625,0.0,0.0019347667694091797,0.0,25,50,3,10,"{'clf__max_depth': 25, 'clf__min_samples_leaf': 50, 'clf__min_samples_split': 3, 'clf__n_estimators': 10}",-0.18367022739747169,-0.18367022739747169,0.0,424
0.4433307647705078,0.0,0.004420042037963867,0.0,25,50,3,25,"{'clf__max_depth': 25, 'clf__min_samples_leaf': 50, 'clf__min_samples_split': 3, 'clf__n_estimators': 25}",-0.1606087156608134,-0.1606087156608134,0.0,292
0.9748811721801758,0.0,0.005101919174194336,0.0,25,50,3,50,"{'clf__max_depth': 25, 'clf__min_samples_leaf': 50, 'clf__min_samples_split': 3, 'clf__n_estimators': 50}",-0.14653030164170036,-0.14653030164170036,0.0,103
2.0839014053344727,0.0,0.00661778450012207,0.0,25,50,3,100,"{'clf__max_depth': 25, 'clf__min_samples_leaf': 50, 'clf__min_samples_split': 3, 'clf__n_estimators': 100}",-0.14807057238642532,-0.14807057238642532,0.0,145
4.49690580368042,0.0,0.00822305679321289,0.0,25,50,3,200,"{'clf__max_depth': 25, 'clf__min_samples_leaf': 50, 'clf__min_samples_split': 3, 'clf__n_estimators': 200}",-0.1547085179465399,-0.1547085179465399,0.0,244
7.044210910797119,0.0,0.009781122207641602,0.0,25,50,3,300,"{'clf__max_depth': 25, 'clf__min_samples_leaf': 50, 'clf__min_samples_split': 3, 'clf__n_estimators': 300}",-0.16382434037646423,-0.16382434037646423,0.0,307
0.18459081649780273,0.0,0.005038022994995117,0.0,25,50,5,10,"{'clf__max_depth': 25, 'clf__min_samples_leaf': 50, 'clf__min_samples_split': 5, 'clf__n_estimators': 10}",-0.18367022739747169,-0.18367022739747169,0.0,424
0.4572570323944092,0.0,0.0020940303802490234,0.0,25,50,5,25,"{'clf__max_depth': 25, 'clf__min_samples_leaf': 50, 'clf__min_samples_split': 5, 'clf__n_estimators': 25}",-0.1606087156608134,-0.1606087156608134,0.0,292
0.9796512126922607,0.0,0.0024178028106689453,0.0,25,50,5,50,"{'clf__max_depth': 25, 'clf__min_samples_leaf': 50, 'clf__min_samples_split': 5, 'clf__n_estimators': 50}",-0.14653030164170036,-0.14653030164170036,0.0,103
2.08457088470459,0.0,0.006160259246826172,0.0,25,50,5,100,"{'clf__max_depth': 25, 'clf__min_samples_leaf': 50, 'clf__min_samples_split': 5, 'clf__n_estimators': 100}",-0.14807057238642532,-0.14807057238642532,0.0,145
4.516846656799316,0.0,0.006455183029174805,0.0,25,50,5,200,"{'clf__max_depth': 25, 'clf__min_samples_leaf': 50, 'clf__min_samples_split': 5, 'clf__n_estimators': 200}",-0.1547085179465399,-0.1547085179465399,0.0,244
6.972503185272217,0.0,0.00928187370300293,0.0,25,50,5,300,"{'clf__max_depth': 25, 'clf__min_samples_leaf': 50, 'clf__min_samples_split': 5, 'clf__n_estimators': 300}",-0.16382434037646423,-0.16382434037646423,0.0,307
0.14805030822753906,0.0,0.0019190311431884766,0.0,25,75,2,10,"{'clf__max_depth': 25, 'clf__min_samples_leaf': 75, 'clf__min_samples_split': 2, 'clf__n_estimators': 10}",-0.18081209830788378,-0.18081209830788378,0.0,394
0.37918591499328613,0.0,0.002312183380126953,0.0,25,75,2,25,"{'clf__max_depth': 25, 'clf__min_samples_leaf': 75, 'clf__min_samples_split': 2, 'clf__n_estimators': 25}",-0.16432207301682553,-0.16432207301682553,0.0,322
0.7878620624542236,0.0,0.0023000240325927734,0.0,25,75,2,50,"{'clf__max_depth': 25, 'clf__min_samples_leaf': 75, 'clf__min_samples_split': 2, 'clf__n_estimators': 50}",-0.14976678857329048,-0.14976678857329048,0.0,172
1.7101292610168457,0.0,0.0027687549591064453,0.0,25,75,2,100,"{'clf__max_depth': 25, 'clf__min_samples_leaf': 75, 'clf__min_samples_split': 2, 'clf__n_estimators': 100}",-0.1430705531243221,-0.1430705531243221,0.0,16
3.4487597942352295,0.0,0.0056912899017333984,0.0,25,75,2,200,"{'clf__max_depth': 25, 'clf__min_samples_leaf': 75, 'clf__min_samples_split': 2, 'clf__n_estimators': 200}",-0.14798900920266383,-0.14798900920266383,0.0,130
5.132615089416504,0.0,0.0048449039459228516,0.0,25,75,2,300,"{'clf__max_depth': 25, 'clf__min_samples_leaf': 75, 'clf__min_samples_split': 2, 'clf__n_estimators': 300}",-0.15413344425135797,-0.15413344425135797,0.0,226
0.14890527725219727,0.0,0.0018918514251708984,0.0,25,75,3,10,"{'clf__max_depth': 25, 'clf__min_samples_leaf': 75, 'clf__min_samples_split': 3, 'clf__n_estimators': 10}",-0.18081209830788378,-0.18081209830788378,0.0,394
0.37392401695251465,0.0,0.00203704833984375,0.0,25,75,3,25,"{'clf__max_depth': 25, 'clf__min_samples_leaf': 75, 'clf__min_samples_split': 3, 'clf__n_estimators': 25}",-0.16432207301682553,-0.16432207301682553,0.0,322
0.7767088413238525,0.0,0.004853010177612305,0.0,25,75,3,50,"{'clf__max_depth': 25, 'clf__min_samples_leaf': 75, 'clf__min_samples_split': 3, 'clf__n_estimators': 50}",-0.14976678857329048,-0.14976678857329048,0.0,172
1.680009126663208,0.0,0.0027747154235839844,0.0,25,75,3,100,"{'clf__max_depth': 25, 'clf__min_samples_leaf': 75, 'clf__min_samples_split': 3, 'clf__n_estimators': 100}",-0.1430705531243221,-0.1430705531243221,0.0,16
3.4482967853546143,0.0,0.0037581920623779297,0.0,25,75,3,200,"{'clf__max_depth': 25, 'clf__min_samples_leaf': 75, 'clf__min_samples_split': 3, 'clf__n_estimators': 200}",-0.14798900920266383,-0.14798900920266383,0.0,130
5.088557004928589,0.0,0.005434989929199219,0.0,25,75,3,300,"{'clf__max_depth': 25, 'clf__min_samples_leaf': 75, 'clf__min_samples_split': 3, 'clf__n_estimators': 300}",-0.15413344425135797,-0.15413344425135797,0.0,226
0.14294981956481934,0.0,0.0018770694732666016,0.0,25,75,5,10,"{'clf__max_depth': 25, 'clf__min_samples_leaf': 75, 'clf__min_samples_split': 5, 'clf__n_estimators': 10}",-0.18081209830788378,-0.18081209830788378,0.0,394
0.376727819442749,0.0,0.0019392967224121094,0.0,25,75,5,25,"{'clf__max_depth': 25, 'clf__min_samples_leaf': 75, 'clf__min_samples_split': 5, 'clf__n_estimators': 25}",-0.16432207301682553,-0.16432207301682553,0.0,322
0.7898368835449219,0.0,0.004800081253051758,0.0,25,75,5,50,"{'clf__max_depth': 25, 'clf__min_samples_leaf': 75, 'clf__min_samples_split': 5, 'clf__n_estimators': 50}",-0.14976678857329048,-0.14976678857329048,0.0,172
1.668053150177002,0.0,0.0027267932891845703,0.0,25,75,5,100,"{'clf__max_depth': 25, 'clf__min_samples_leaf': 75, 'clf__min_samples_split': 5, 'clf__n_estimators': 100}",-0.1430705531243221,-0.1430705531243221,0.0,16
3.4045257568359375,0.0,0.0036842823028564453,0.0,25,75,5,200,"{'clf__max_depth': 25, 'clf__min_samples_leaf': 75, 'clf__min_samples_split': 5, 'clf__n_estimators': 200}",-0.14798900920266383,-0.14798900920266383,0.0,130
5.107874155044556,0.0,0.0058689117431640625,0.0,25,75,5,300,"{'clf__max_depth': 25, 'clf__min_samples_leaf': 75, 'clf__min_samples_split': 5, 'clf__n_estimators': 300}",-0.15413344425135797,-0.15413344425135797,0.0,226
0.14334797859191895,0.0,0.004356861114501953,0.0,25,100,2,10,"{'clf__max_depth': 25, 'clf__min_samples_leaf': 100, 'clf__min_samples_split': 2, 'clf__n_estimators': 10}",-0.18291825783523813,-0.18291825783523813,0.0,409
0.3289799690246582,0.0,0.003587007522583008,0.0,25,100,2,25,"{'clf__max_depth': 25, 'clf__min_samples_leaf': 100, 'clf__min_samples_split': 2, 'clf__n_estimators': 25}",-0.16646376111473188,-0.16646376111473188,0.0,337
0.6641836166381836,0.0,0.0032320022583007812,0.0,25,100,2,50,"{'clf__max_depth': 25, 'clf__min_samples_leaf': 100, 'clf__min_samples_split': 2, 'clf__n_estimators': 50}",-0.15063756636422512,-0.15063756636422512,0.0,184
1.3799149990081787,0.0,0.006989955902099609,0.0,25,100,2,100,"{'clf__max_depth': 25, 'clf__min_samples_leaf': 100, 'clf__min_samples_split': 2, 'clf__n_estimators': 100}",-0.14575107133800677,-0.14575107133800677,0.0,55
2.7938332557678223,0.0,0.0034999847412109375,0.0,25,100,2,200,"{'clf__max_depth': 25, 'clf__min_samples_leaf': 100, 'clf__min_samples_split': 2, 'clf__n_estimators': 200}",-0.14915607493698296,-0.14915607493698296,0.0,154
4.267272233963013,0.0,0.005452871322631836,0.0,25,100,2,300,"{'clf__max_depth': 25, 'clf__min_samples_leaf': 100, 'clf__min_samples_split': 2, 'clf__n_estimators': 300}",-0.15771281323293693,-0.15771281323293693,0.0,271
0.13216590881347656,0.0,0.0018343925476074219,0.0,25,100,3,10,"{'clf__max_depth': 25, 'clf__min_samples_leaf': 100, 'clf__min_samples_split': 3, 'clf__n_estimators': 10}",-0.18291825783523813,-0.18291825783523813,0.0,409
0.31641721725463867,0.0,0.0024309158325195312,0.0,25,100,3,25,"{'clf__max_depth': 25, 'clf__min_samples_leaf': 100, 'clf__min_samples_split': 3, 'clf__n_estimators': 25}",-0.16646376111473188,-0.16646376111473188,0.0,337
0.6615841388702393,0.0,0.0021882057189941406,0.0,25,100,3,50,"{'clf__max_depth': 25, 'clf__min_samples_leaf': 100, 'clf__min_samples_split': 3, 'clf__n_estimators': 50}",-0.15063756636422512,-0.15063756636422512,0.0,184
1.365790843963623,0.0,0.0033528804779052734,0.0,25,100,3,100,"{'clf__max_depth': 25, 'clf__min_samples_leaf': 100, 'clf__min_samples_split': 3, 'clf__n_estimators': 100}",-0.14575107133800677,-0.14575107133800677,0.0,55
2.847149133682251,0.0,0.003509044647216797,0.0,25,100,3,200,"{'clf__max_depth': 25, 'clf__min_samples_leaf': 100, 'clf__min_samples_split': 3, 'clf__n_estimators': 200}",-0.14915607493698296,-0.14915607493698296,0.0,154
4.2404258251190186,0.0,0.0043599605560302734,0.0,25,100,3,300,"{'clf__max_depth': 25, 'clf__min_samples_leaf': 100, 'clf__min_samples_split': 3, 'clf__n_estimators': 300}",-0.15771281323293693,-0.15771281323293693,0.0,271
0.1331040859222412,0.0,0.0017819404602050781,0.0,25,100,5,10,"{'clf__max_depth': 25, 'clf__min_samples_leaf': 100, 'clf__min_samples_split': 5, 'clf__n_estimators': 10}",-0.18291825783523813,-0.18291825783523813,0.0,409
0.3161048889160156,0.0,0.004474163055419922,0.0,25,100,5,25,"{'clf__max_depth': 25, 'clf__min_samples_leaf': 100, 'clf__min_samples_split': 5, 'clf__n_estimators': 25}",-0.16646376111473188,-0.16646376111473188,0.0,337
0.6623458862304688,0.0,0.0034220218658447266,0.0,25,100,5,50,"{'clf__max_depth': 25, 'clf__min_samples_leaf': 100, 'clf__min_samples_split': 5, 'clf__n_estimators': 50}",-0.15063756636422512,-0.15063756636422512,0.0,184
1.3694519996643066,0.0,0.005339860916137695,0.0,25,100,5,100,"{'clf__max_depth': 25, 'clf__min_samples_leaf': 100, 'clf__min_samples_split': 5, 'clf__n_estimators': 100}",-0.14575107133800677,-0.14575107133800677,0.0,55
2.8135969638824463,0.0,0.004346132278442383,0.0,25,100,5,200,"{'clf__max_depth': 25, 'clf__min_samples_leaf': 100, 'clf__min_samples_split': 5, 'clf__n_estimators': 200}",-0.14915607493698296,-0.14915607493698296,0.0,154
4.193011283874512,0.0,0.004463911056518555,0.0,25,100,5,300,"{'clf__max_depth': 25, 'clf__min_samples_leaf': 100, 'clf__min_samples_split': 5, 'clf__n_estimators': 300}",-0.15771281323293693,-0.15771281323293693,0.0,271
0.10308718681335449,0.0,0.004312992095947266,0.0,25,150,2,10,"{'clf__max_depth': 25, 'clf__min_samples_leaf': 150, 'clf__min_samples_split': 2, 'clf__n_estimators': 10}",-0.18404699944694644,-0.18404699944694644,0.0,436
0.253309965133667,0.0,0.0018901824951171875,0.0,25,150,2,25,"{'clf__max_depth': 25, 'clf__min_samples_leaf': 150, 'clf__min_samples_split': 2, 'clf__n_estimators': 25}",-0.174243736962479,-0.174243736962479,0.0,376
0.5090150833129883,0.0,0.0021660327911376953,0.0,25,150,2,50,"{'clf__max_depth': 25, 'clf__min_samples_leaf': 150, 'clf__min_samples_split': 2, 'clf__n_estimators': 50}",-0.1553605691445876,-0.1553605691445876,0.0,253
1.0608088970184326,0.0,0.0038521289825439453,0.0,25,150,2,100,"{'clf__max_depth': 25, 'clf__min_samples_leaf': 150, 'clf__min_samples_split': 2, 'clf__n_estimators': 100}",-0.14328571700550935,-0.14328571700550935,0.0,31
2.0560550689697266,0.0,0.003123044967651367,0.0,25,150,2,200,"{'clf__max_depth': 25, 'clf__min_samples_leaf': 150, 'clf__min_samples_split': 2, 'clf__n_estimators': 200}",-0.1458225372413225,-0.1458225372413225,0.0,67
3.031203031539917,0.0,0.003690004348754883,0.0,25,150,2,300,"{'clf__max_depth': 25, 'clf__min_samples_leaf': 150, 'clf__min_samples_split': 2, 'clf__n_estimators': 300}",-0.15297340486528085,-0.15297340486528085,0.0,208
0.11431193351745605,0.0,0.004186153411865234,0.0,25,150,3,10,"{'clf__max_depth': 25, 'clf__min_samples_leaf': 150, 'clf__min_samples_split': 3, 'clf__n_estimators': 10}",-0.18404699944694644,-0.18404699944694644,0.0,436
0.25492405891418457,0.0,0.0040738582611083984,0.0,25,150,3,25,"{'clf__max_depth': 25, 'clf__min_samples_leaf': 150, 'clf__min_samples_split': 3, 'clf__n_estimators': 25}",-0.174243736962479,-0.174243736962479,0.0,376
0.5191569328308105,0.0,0.003030061721801758,0.0,25,150,3,50,"{'clf__max_depth': 25, 'clf__min_samples_leaf': 150, 'clf__min_samples_split': 3, 'clf__n_estimators': 50}",-0.1553605691445876,-0.1553605691445876,0.0,253
1.008382797241211,0.0,0.005208253860473633,0.0,25,150,3,100,"{'clf__max_depth': 25, 'clf__min_samples_leaf': 150, 'clf__min_samples_split': 3, 'clf__n_estimators': 100}",-0.14328571700550935,-0.14328571700550935,0.0,31
2.060741901397705,0.0,0.0029392242431640625,0.0,25,150,3,200,"{'clf__max_depth': 25, 'clf__min_samples_leaf': 150, 'clf__min_samples_split': 3, 'clf__n_estimators': 200}",-0.1458225372413225,-0.1458225372413225,0.0,67
2.7107131481170654,0.0,0.003506898880004883,0.0,25,150,3,300,"{'clf__max_depth': 25, 'clf__min_samples_leaf': 150, 'clf__min_samples_split': 3, 'clf__n_estimators': 300}",-0.15297340486528085,-0.15297340486528085,0.0,208
0.10058712959289551,0.0,0.001825094223022461,0.0,25,150,5,10,"{'clf__max_depth': 25, 'clf__min_samples_leaf': 150, 'clf__min_samples_split': 5, 'clf__n_estimators': 10}",-0.18404699944694644,-0.18404699944694644,0.0,436
0.26541590690612793,0.0,0.0019299983978271484,0.0,25,150,5,25,"{'clf__max_depth': 25, 'clf__min_samples_leaf': 150, 'clf__min_samples_split': 5, 'clf__n_estimators': 25}",-0.174243736962479,-0.174243736962479,0.0,376
0.5049431324005127,0.0,0.0047490596771240234,0.0,25,150,5,50,"{'clf__max_depth': 25, 'clf__min_samples_leaf': 150, 'clf__min_samples_split': 5, 'clf__n_estimators': 50}",-0.1553605691445876,-0.1553605691445876,0.0,253
0.9628810882568359,0.0,0.00506901741027832,0.0,25,150,5,100,"{'clf__max_depth': 25, 'clf__min_samples_leaf': 150, 'clf__min_samples_split': 5, 'clf__n_estimators': 100}",-0.14328571700550935,-0.14328571700550935,0.0,31
1.7895028591156006,0.0,0.003201007843017578,0.0,25,150,5,200,"{'clf__max_depth': 25, 'clf__min_samples_leaf': 150, 'clf__min_samples_split': 5, 'clf__n_estimators': 200}",-0.1458225372413225,-0.1458225372413225,0.0,67
2.465535879135132,0.0,0.0038039684295654297,0.0,25,150,5,300,"{'clf__max_depth': 25, 'clf__min_samples_leaf': 150, 'clf__min_samples_split': 5, 'clf__n_estimators': 300}",-0.15297340486528085,-0.15297340486528085,0.0,208
